Date;Time;Stirrer Setpoint (rpm)
May 26, 2023;10:58:21 AM;800,00
May 30, 2023;5:44:02 PM;400,00
May 30, 2023;5:48:51 PM;100,00
May 30, 2023;5:50:23 PM;1000,00
May 30, 2023;5:51:03 PM;500,00
May 30, 2023;5:53:19 PM;400,00
May 30, 2023;6:05:05 PM;1000,00
May 30, 2023;6:31:21 PM;300,00
May 31, 2023;11:22:04 AM;310,00
May 31, 2023;11:22:14 AM;330,00
May 31, 2023;11:22:24 AM;350,00
May 31, 2023;11:22:34 AM;370,00
May 31, 2023;11:22:49 AM;340,00
May 31, 2023;11:22:59 AM;320,00
May 31, 2023;11:23:09 AM;300,00
May 31, 2023;11:24:03 AM;310,00
May 31, 2023;11:24:13 AM;330,00
May 31, 2023;11:24:26 AM;350,00
May 31, 2023;11:24:36 AM;350,00
May 31, 2023;11:24:46 AM;330,00
May 31, 2023;11:25:01 AM;340,00
May 31, 2023;11:25:16 AM;350,00
May 31, 2023;11:25:26 AM;370,00
May 31, 2023;11:25:36 AM;350,00
May 31, 2023;11:25:51 AM;320,00
May 31, 2023;11:26:01 AM;300,00
May 31, 2023;11:27:28 AM;310,00
May 31, 2023;11:27:38 AM;330,00
May 31, 2023;11:27:48 AM;350,00
May 31, 2023;11:27:58 AM;350,00
May 31, 2023;11:28:08 AM;370,00
May 31, 2023;11:28:18 AM;370,00
May 31, 2023;11:28:28 AM;370,00
May 31, 2023;11:28:38 AM;370,00
May 31, 2023;11:28:48 AM;350,00
May 31, 2023;11:28:58 AM;330,00
May 31, 2023;11:29:08 AM;310,00
May 31, 2023;11:30:10 AM;310,00
May 31, 2023;11:30:20 AM;330,00
May 31, 2023;11:30:30 AM;350,00
May 31, 2023;11:30:40 AM;370,00
May 31, 2023;11:30:50 AM;390,00
May 31, 2023;11:31:00 AM;410,00
May 31, 2023;11:31:10 AM;430,00
May 31, 2023;11:31:20 AM;430,00
May 31, 2023;11:31:35 AM;400,00
May 31, 2023;11:31:45 AM;380,00
May 31, 2023;11:31:55 AM;360,00
May 31, 2023;11:32:05 AM;340,00
May 31, 2023;11:32:15 AM;320,00
May 31, 2023;11:33:53 AM;310,00
May 31, 2023;11:34:03 AM;330,00
May 31, 2023;11:34:13 AM;350,00
May 31, 2023;11:34:23 AM;370,00
May 31, 2023;11:34:33 AM;390,00
May 31, 2023;11:34:43 AM;410,00
May 31, 2023;11:34:53 AM;430,00
May 31, 2023;11:35:03 AM;450,00
May 31, 2023;11:35:13 AM;450,00
May 31, 2023;11:35:28 AM;420,00
May 31, 2023;11:35:38 AM;400,00
May 31, 2023;11:35:48 AM;380,00
May 31, 2023;11:36:03 AM;350,00
May 31, 2023;11:36:18 AM;320,00
May 31, 2023;11:37:51 AM;310,00
May 31, 2023;11:38:01 AM;330,00
May 31, 2023;11:38:11 AM;350,00
May 31, 2023;11:38:26 AM;380,00
May 31, 2023;11:38:36 AM;400,00
May 31, 2023;11:38:51 AM;430,00
May 31, 2023;11:39:01 AM;450,00
May 31, 2023;11:39:11 AM;450,00
May 31, 2023;11:39:21 AM;430,00
May 31, 2023;11:39:36 AM;400,00
May 31, 2023;11:39:46 AM;380,00
May 31, 2023;11:39:56 AM;360,00
May 31, 2023;11:40:06 AM;340,00
May 31, 2023;11:40:16 AM;320,00
May 31, 2023;11:40:26 AM;300,00
May 31, 2023;11:41:07 AM;310,00
May 31, 2023;11:41:17 AM;330,00
May 31, 2023;11:41:27 AM;350,00
May 31, 2023;11:41:37 AM;370,00
May 31, 2023;11:41:47 AM;390,00
May 31, 2023;11:41:57 AM;410,00
May 31, 2023;11:42:07 AM;430,00
May 31, 2023;11:42:18 AM;450,00
May 31, 2023;11:42:28 AM;450,00
May 31, 2023;11:42:38 AM;430,00
May 31, 2023;11:42:48 AM;410,00
May 31, 2023;11:42:58 AM;390,00
May 31, 2023;11:43:08 AM;370,00
May 31, 2023;11:43:18 AM;350,00
May 31, 2023;11:43:28 AM;330,00
May 31, 2023;11:43:38 AM;310,00
May 31, 2023;11:44:10 AM;310,00
May 31, 2023;11:44:20 AM;330,00
May 31, 2023;11:44:30 AM;350,00
May 31, 2023;11:44:40 AM;370,00
May 31, 2023;11:44:50 AM;390,00
May 31, 2023;11:45:00 AM;410,00
May 31, 2023;11:45:10 AM;430,00
May 31, 2023;11:45:20 AM;450,00
May 31, 2023;11:45:30 AM;470,00
May 31, 2023;11:45:40 AM;450,00
May 31, 2023;11:45:50 AM;430,00
May 31, 2023;11:46:00 AM;410,00
May 31, 2023;11:46:10 AM;390,00
May 31, 2023;11:46:20 AM;370,00
May 31, 2023;11:46:30 AM;350,00
May 31, 2023;11:46:40 AM;330,00
May 31, 2023;11:46:50 AM;310,00
May 31, 2023;11:47:25 AM;310,00
May 31, 2023;11:47:35 AM;330,00
May 31, 2023;11:47:45 AM;350,00
May 31, 2023;11:47:55 AM;370,00
May 31, 2023;11:48:05 AM;390,00
May 31, 2023;11:48:15 AM;410,00
May 31, 2023;11:48:25 AM;430,00
May 31, 2023;11:48:35 AM;450,00
May 31, 2023;11:48:45 AM;470,00
May 31, 2023;11:48:55 AM;450,00
May 31, 2023;11:49:05 AM;430,00
May 31, 2023;11:49:15 AM;410,00
May 31, 2023;11:49:25 AM;390,00
May 31, 2023;11:49:35 AM;370,00
May 31, 2023;11:49:45 AM;350,00
May 31, 2023;11:49:55 AM;330,00
May 31, 2023;11:50:05 AM;310,00
May 31, 2023;11:50:20 AM;310,00
May 31, 2023;11:50:30 AM;330,00
May 31, 2023;11:50:40 AM;350,00
May 31, 2023;11:50:50 AM;370,00
May 31, 2023;11:51:00 AM;390,00
May 31, 2023;11:51:10 AM;410,00
May 31, 2023;11:51:20 AM;430,00
May 31, 2023;11:51:30 AM;450,00
May 31, 2023;11:51:40 AM;470,00
May 31, 2023;11:51:50 AM;490,00
May 31, 2023;11:52:00 AM;470,00
May 31, 2023;11:52:10 AM;450,00
May 31, 2023;11:52:20 AM;430,00
May 31, 2023;11:52:30 AM;410,00
May 31, 2023;11:52:40 AM;390,00
May 31, 2023;11:52:50 AM;370,00
May 31, 2023;11:53:00 AM;350,00
May 31, 2023;11:53:10 AM;330,00
May 31, 2023;11:53:20 AM;310,00
May 31, 2023;11:53:50 AM;310,00
May 31, 2023;11:54:00 AM;330,00
May 31, 2023;11:54:10 AM;350,00
May 31, 2023;11:54:20 AM;370,00
May 31, 2023;11:54:30 AM;390,00
May 31, 2023;11:54:40 AM;410,00
May 31, 2023;11:54:55 AM;440,00
May 31, 2023;11:55:06 AM;460,00
May 31, 2023;11:55:21 AM;490,00
May 31, 2023;11:55:31 AM;470,00
May 31, 2023;11:55:41 AM;450,00
May 31, 2023;11:55:51 AM;430,00
May 31, 2023;11:56:01 AM;410,00
May 31, 2023;11:56:11 AM;390,00
May 31, 2023;11:56:21 AM;370,00
May 31, 2023;11:56:31 AM;350,00
May 31, 2023;11:56:41 AM;330,00
May 31, 2023;11:56:51 AM;310,00
May 31, 2023;11:57:14 AM;310,00
May 31, 2023;11:57:24 AM;330,00
May 31, 2023;11:57:34 AM;350,00
May 31, 2023;11:57:47 AM;370,00
May 31, 2023;11:57:57 AM;390,00
May 31, 2023;11:58:07 AM;410,00
May 31, 2023;11:58:17 AM;430,00
May 31, 2023;11:58:27 AM;450,00
May 31, 2023;11:58:37 AM;470,00
May 31, 2023;11:58:47 AM;470,00
May 31, 2023;11:58:57 AM;450,00
May 31, 2023;11:59:07 AM;430,00
May 31, 2023;11:59:22 AM;400,00
May 31, 2023;11:59:32 AM;380,00
May 31, 2023;11:59:42 AM;360,00
May 31, 2023;11:59:52 AM;340,00
May 31, 2023;12:00:02 PM;320,00
May 31, 2023;12:00:12 PM;300,00
May 31, 2023;12:00:22 PM;310,00
May 31, 2023;12:00:32 PM;330,00
May 31, 2023;12:00:42 PM;350,00
May 31, 2023;12:00:52 PM;370,00
May 31, 2023;12:01:02 PM;390,00
May 31, 2023;12:01:12 PM;410,00
May 31, 2023;12:01:22 PM;430,00
May 31, 2023;12:01:32 PM;450,00
May 31, 2023;12:01:42 PM;470,00
May 31, 2023;12:01:57 PM;440,00
May 31, 2023;12:02:07 PM;420,00
May 31, 2023;12:02:17 PM;400,00
May 31, 2023;12:02:27 PM;380,00
May 31, 2023;12:02:37 PM;360,00
May 31, 2023;12:02:47 PM;340,00
May 31, 2023;12:02:57 PM;340,00
May 31, 2023;12:03:07 PM;360,00
May 31, 2023;12:03:17 PM;380,00
May 31, 2023;12:03:27 PM;400,00
May 31, 2023;12:03:37 PM;420,00
May 31, 2023;12:03:47 PM;440,00
May 31, 2023;12:03:57 PM;460,00
May 31, 2023;12:04:07 PM;460,00
May 31, 2023;12:04:17 PM;440,00
May 31, 2023;12:04:27 PM;420,00
May 31, 2023;12:04:37 PM;400,00
May 31, 2023;12:04:47 PM;380,00
May 31, 2023;12:04:57 PM;360,00
May 31, 2023;12:05:07 PM;340,00
May 31, 2023;12:05:17 PM;340,00
May 31, 2023;12:05:32 PM;370,00
May 31, 2023;12:05:42 PM;390,00
May 31, 2023;12:05:52 PM;410,00
May 31, 2023;12:06:02 PM;430,00
May 31, 2023;12:06:12 PM;450,00
May 31, 2023;12:06:22 PM;470,00
May 31, 2023;12:06:32 PM;490,00
May 31, 2023;12:06:42 PM;470,00
May 31, 2023;12:06:57 PM;440,00
May 31, 2023;12:07:07 PM;420,00
May 31, 2023;12:07:17 PM;400,00
May 31, 2023;12:07:27 PM;380,00
May 31, 2023;12:07:37 PM;360,00
May 31, 2023;12:07:47 PM;340,00
May 31, 2023;12:07:57 PM;320,00
May 31, 2023;12:08:07 PM;300,00
May 31, 2023;12:08:18 PM;310,00
May 31, 2023;12:08:28 PM;330,00
May 31, 2023;12:08:38 PM;350,00
May 31, 2023;12:08:48 PM;370,00
May 31, 2023;12:08:58 PM;390,00
May 31, 2023;12:09:08 PM;410,00
May 31, 2023;12:09:23 PM;440,00
May 31, 2023;12:09:33 PM;460,00
May 31, 2023;12:09:44 PM;480,00
May 31, 2023;12:09:54 PM;480,00
May 31, 2023;12:10:04 PM;460,00
May 31, 2023;12:10:14 PM;440,00
May 31, 2023;12:10:24 PM;420,00
May 31, 2023;12:10:34 PM;400,00
May 31, 2023;12:10:44 PM;380,00
May 31, 2023;12:10:54 PM;360,00
May 31, 2023;12:11:04 PM;340,00
May 31, 2023;12:11:14 PM;320,00
May 31, 2023;12:11:24 PM;300,00
May 31, 2023;12:11:35 PM;310,00
May 31, 2023;12:11:45 PM;330,00
May 31, 2023;12:11:55 PM;350,00
May 31, 2023;12:12:05 PM;370,00
May 31, 2023;12:12:15 PM;390,00
May 31, 2023;12:12:25 PM;410,00
May 31, 2023;12:12:35 PM;430,00
May 31, 2023;12:12:45 PM;450,00
May 31, 2023;12:13:00 PM;480,00
May 31, 2023;12:13:10 PM;460,00
May 31, 2023;12:13:20 PM;440,00
May 31, 2023;12:13:30 PM;420,00
May 31, 2023;12:13:40 PM;400,00
May 31, 2023;12:13:50 PM;380,00
May 31, 2023;12:14:00 PM;360,00
May 31, 2023;12:14:10 PM;340,00
May 31, 2023;12:14:20 PM;320,00
May 31, 2023;12:14:30 PM;340,00
May 31, 2023;12:14:40 PM;360,00
May 31, 2023;12:14:50 PM;380,00
May 31, 2023;12:15:00 PM;400,00
May 31, 2023;12:15:10 PM;420,00
May 31, 2023;12:15:20 PM;440,00
May 31, 2023;12:15:30 PM;460,00
May 31, 2023;12:15:40 PM;460,00
May 31, 2023;12:15:50 PM;440,00
May 31, 2023;12:16:00 PM;420,00
May 31, 2023;12:16:10 PM;400,00
May 31, 2023;12:16:20 PM;380,00
May 31, 2023;12:16:30 PM;360,00
May 31, 2023;12:16:40 PM;340,00
May 31, 2023;12:16:50 PM;320,00
May 31, 2023;12:17:00 PM;320,00
May 31, 2023;12:17:10 PM;340,00
May 31, 2023;12:17:20 PM;360,00
May 31, 2023;12:17:30 PM;380,00
May 31, 2023;12:17:40 PM;400,00
May 31, 2023;12:17:50 PM;420,00
May 31, 2023;12:18:00 PM;440,00
May 31, 2023;12:18:10 PM;460,00
May 31, 2023;12:18:20 PM;480,00
May 31, 2023;12:18:30 PM;480,00
May 31, 2023;12:18:40 PM;460,00
May 31, 2023;12:18:51 PM;440,00
May 31, 2023;12:19:01 PM;420,00
May 31, 2023;12:19:11 PM;400,00
May 31, 2023;12:19:21 PM;380,00
May 31, 2023;12:19:31 PM;360,00
May 31, 2023;12:19:41 PM;340,00
May 31, 2023;12:19:51 PM;320,00
May 31, 2023;12:20:01 PM;300,00
May 31, 2023;12:20:11 PM;320,00
May 31, 2023;12:20:21 PM;340,00
May 31, 2023;12:20:31 PM;360,00
May 31, 2023;12:20:41 PM;380,00
May 31, 2023;12:20:51 PM;400,00
May 31, 2023;12:21:01 PM;420,00
May 31, 2023;12:21:11 PM;440,00
May 31, 2023;12:21:21 PM;460,00
May 31, 2023;12:21:31 PM;480,00
May 31, 2023;12:21:46 PM;470,00
May 31, 2023;12:21:56 PM;450,00
May 31, 2023;12:22:06 PM;430,00
May 31, 2023;12:22:16 PM;410,00
May 31, 2023;12:22:26 PM;390,00
May 31, 2023;12:22:37 PM;370,00
May 31, 2023;12:22:47 PM;350,00
May 31, 2023;12:22:57 PM;330,00
May 31, 2023;12:23:07 PM;310,00
May 31, 2023;12:23:17 PM;330,00
May 31, 2023;12:23:27 PM;350,00
May 31, 2023;12:23:42 PM;380,00
May 31, 2023;12:23:52 PM;400,00
May 31, 2023;12:24:02 PM;420,00
May 31, 2023;12:24:12 PM;440,00
May 31, 2023;12:24:22 PM;460,00
May 31, 2023;12:24:32 PM;480,00
May 31, 2023;12:24:42 PM;460,00
May 31, 2023;12:24:57 PM;430,00
May 31, 2023;12:25:07 PM;410,00
May 31, 2023;12:25:17 PM;390,00
May 31, 2023;12:25:27 PM;370,00
May 31, 2023;12:25:37 PM;350,00
May 31, 2023;12:25:47 PM;330,00
May 31, 2023;12:25:57 PM;350,00
May 31, 2023;12:26:12 PM;380,00
May 31, 2023;12:26:27 PM;410,00
May 31, 2023;12:26:38 PM;430,00
May 31, 2023;12:26:53 PM;460,00
May 31, 2023;12:27:03 PM;460,00
May 31, 2023;12:27:13 PM;440,00
May 31, 2023;12:27:23 PM;420,00
May 31, 2023;12:27:33 PM;400,00
May 31, 2023;12:27:43 PM;380,00
May 31, 2023;12:27:53 PM;360,00
May 31, 2023;12:28:03 PM;360,00
May 31, 2023;12:28:13 PM;380,00
May 31, 2023;12:28:23 PM;400,00
May 31, 2023;12:28:33 PM;420,00
May 31, 2023;12:28:43 PM;440,00
May 31, 2023;12:28:53 PM;460,00
May 31, 2023;12:29:03 PM;480,00
May 31, 2023;12:29:13 PM;460,00
May 31, 2023;12:29:23 PM;440,00
May 31, 2023;12:29:33 PM;420,00
May 31, 2023;12:29:43 PM;400,00
May 31, 2023;12:29:53 PM;380,00
May 31, 2023;12:30:03 PM;360,00
May 31, 2023;12:30:13 PM;340,00
May 31, 2023;12:30:23 PM;340,00
May 31, 2023;12:30:33 PM;360,00
May 31, 2023;12:30:43 PM;380,00
May 31, 2023;12:30:53 PM;400,00
May 31, 2023;12:31:03 PM;420,00
May 31, 2023;12:31:13 PM;440,00
May 31, 2023;12:31:28 PM;470,00
May 31, 2023;12:31:38 PM;450,00
May 31, 2023;12:31:48 PM;430,00
May 31, 2023;12:32:03 PM;400,00
May 31, 2023;12:32:13 PM;380,00
May 31, 2023;12:32:23 PM;360,00
May 31, 2023;12:32:33 PM;340,00
May 31, 2023;12:32:43 PM;360,00
May 31, 2023;12:32:53 PM;380,00
May 31, 2023;12:33:03 PM;400,00
May 31, 2023;12:33:13 PM;420,00
May 31, 2023;12:33:23 PM;440,00
May 31, 2023;12:33:33 PM;460,00
May 31, 2023;12:33:48 PM;430,00
May 31, 2023;12:33:58 PM;410,00
May 31, 2023;12:34:08 PM;390,00
May 31, 2023;12:34:18 PM;370,00
May 31, 2023;12:34:28 PM;370,00
May 31, 2023;12:34:38 PM;390,00
May 31, 2023;12:34:48 PM;410,00
May 31, 2023;12:34:58 PM;430,00
May 31, 2023;12:35:08 PM;450,00
May 31, 2023;12:35:18 PM;470,00
May 31, 2023;12:35:28 PM;450,00
May 31, 2023;12:35:38 PM;430,00
May 31, 2023;12:35:48 PM;410,00
May 31, 2023;12:35:58 PM;390,00
May 31, 2023;12:36:08 PM;370,00
May 31, 2023;12:36:23 PM;340,00
May 31, 2023;12:36:33 PM;360,00
May 31, 2023;12:36:43 PM;380,00
May 31, 2023;12:36:53 PM;400,00
May 31, 2023;12:37:08 PM;430,00
May 31, 2023;12:37:18 PM;450,00
May 31, 2023;12:37:28 PM;470,00
May 31, 2023;12:37:38 PM;450,00
May 31, 2023;12:37:48 PM;430,00
May 31, 2023;12:38:03 PM;400,00
May 31, 2023;12:38:14 PM;380,00
May 31, 2023;12:38:24 PM;360,00
May 31, 2023;12:38:34 PM;360,00
May 31, 2023;12:38:44 PM;380,00
May 31, 2023;12:38:54 PM;400,00
May 31, 2023;12:39:04 PM;420,00
May 31, 2023;12:39:14 PM;440,00
May 31, 2023;12:39:24 PM;460,00
May 31, 2023;12:39:34 PM;440,00
May 31, 2023;12:39:44 PM;420,00
May 31, 2023;12:39:54 PM;400,00
May 31, 2023;12:40:09 PM;370,00
May 31, 2023;12:40:19 PM;350,00
May 31, 2023;12:40:29 PM;350,00
May 31, 2023;12:40:39 PM;370,00
May 31, 2023;12:40:54 PM;400,00
May 31, 2023;12:41:04 PM;420,00
May 31, 2023;12:41:14 PM;440,00
May 31, 2023;12:41:24 PM;460,00
May 31, 2023;12:41:34 PM;460,00
May 31, 2023;12:41:44 PM;440,00
May 31, 2023;12:41:54 PM;420,00
May 31, 2023;12:42:04 PM;400,00
May 31, 2023;12:42:14 PM;380,00
May 31, 2023;12:42:24 PM;380,00
May 31, 2023;12:42:34 PM;400,00
May 31, 2023;12:42:44 PM;420,00
May 31, 2023;12:42:54 PM;440,00
May 31, 2023;12:43:04 PM;460,00
May 31, 2023;12:43:14 PM;460,00
May 31, 2023;12:43:24 PM;440,00
May 31, 2023;12:43:34 PM;420,00
May 31, 2023;12:43:44 PM;400,00
May 31, 2023;12:43:54 PM;380,00
May 31, 2023;12:44:04 PM;360,00
May 31, 2023;12:44:14 PM;380,00
May 31, 2023;12:44:24 PM;400,00
May 31, 2023;12:44:34 PM;420,00
May 31, 2023;12:44:44 PM;440,00
May 31, 2023;12:44:54 PM;460,00
May 31, 2023;12:45:04 PM;440,00
May 31, 2023;12:45:14 PM;420,00
May 31, 2023;12:45:24 PM;400,00
May 31, 2023;12:45:34 PM;380,00
May 31, 2023;12:45:44 PM;400,00
May 31, 2023;12:45:54 PM;420,00
May 31, 2023;12:46:04 PM;440,00
May 31, 2023;12:46:14 PM;460,00
May 31, 2023;12:46:24 PM;460,00
May 31, 2023;12:46:34 PM;440,00
May 31, 2023;12:46:44 PM;420,00
May 31, 2023;12:46:54 PM;400,00
May 31, 2023;12:47:04 PM;380,00
May 31, 2023;12:47:14 PM;360,00
May 31, 2023;12:47:24 PM;380,00
May 31, 2023;12:47:34 PM;400,00
May 31, 2023;12:47:44 PM;420,00
May 31, 2023;12:47:54 PM;440,00
May 31, 2023;12:48:04 PM;460,00
May 31, 2023;12:48:14 PM;460,00
May 31, 2023;12:48:24 PM;440,00
May 31, 2023;12:48:34 PM;420,00
May 31, 2023;12:48:44 PM;400,00
May 31, 2023;12:48:54 PM;380,00
May 31, 2023;12:49:04 PM;380,00
May 31, 2023;12:49:14 PM;400,00
May 31, 2023;12:49:24 PM;420,00
May 31, 2023;12:49:34 PM;440,00
May 31, 2023;12:49:44 PM;460,00
May 31, 2023;12:49:54 PM;460,00
May 31, 2023;12:50:04 PM;440,00
May 31, 2023;12:50:14 PM;420,00
May 31, 2023;12:50:24 PM;400,00
May 31, 2023;12:50:34 PM;380,00
May 31, 2023;12:50:44 PM;360,00
May 31, 2023;12:50:54 PM;380,00
May 31, 2023;12:51:04 PM;400,00
May 31, 2023;12:51:14 PM;420,00
May 31, 2023;12:51:24 PM;440,00
May 31, 2023;12:51:34 PM;460,00
May 31, 2023;12:51:45 PM;460,00
May 31, 2023;12:52:00 PM;430,00
May 31, 2023;12:52:15 PM;400,00
May 31, 2023;12:52:25 PM;380,00
May 31, 2023;12:52:35 PM;360,00
May 31, 2023;12:52:45 PM;380,00
May 31, 2023;12:52:55 PM;400,00
May 31, 2023;12:53:05 PM;420,00
May 31, 2023;12:53:15 PM;440,00
May 31, 2023;12:53:25 PM;460,00
May 31, 2023;12:53:35 PM;480,00
May 31, 2023;12:53:45 PM;460,00
May 31, 2023;12:53:55 PM;440,00
May 31, 2023;12:54:05 PM;420,00
May 31, 2023;12:54:15 PM;400,00
May 31, 2023;12:54:30 PM;370,00
May 31, 2023;12:54:40 PM;370,00
May 31, 2023;12:54:50 PM;390,00
May 31, 2023;12:55:00 PM;410,00
May 31, 2023;12:55:10 PM;430,00
May 31, 2023;12:55:20 PM;450,00
May 31, 2023;12:55:30 PM;470,00
May 31, 2023;12:55:40 PM;450,00
May 31, 2023;12:55:50 PM;430,00
May 31, 2023;12:56:00 PM;410,00
May 31, 2023;12:56:10 PM;390,00
May 31, 2023;12:56:26 PM;390,00
May 31, 2023;12:56:36 PM;410,00
May 31, 2023;12:56:46 PM;430,00
May 31, 2023;12:57:01 PM;460,00
May 31, 2023;12:57:11 PM;480,00
May 31, 2023;12:57:21 PM;460,00
May 31, 2023;12:57:31 PM;440,00
May 31, 2023;12:57:41 PM;420,00
May 31, 2023;12:57:51 PM;400,00
May 31, 2023;12:58:01 PM;380,00
May 31, 2023;12:58:11 PM;360,00
May 31, 2023;12:58:21 PM;340,00
May 31, 2023;12:58:31 PM;360,00
May 31, 2023;12:58:41 PM;380,00
May 31, 2023;12:58:51 PM;400,00
May 31, 2023;12:59:01 PM;420,00
May 31, 2023;12:59:11 PM;440,00
May 31, 2023;12:59:21 PM;460,00
May 31, 2023;12:59:31 PM;440,00
May 31, 2023;12:59:41 PM;420,00
May 31, 2023;12:59:51 PM;400,00
May 31, 2023;1:00:01 PM;380,00
May 31, 2023;1:00:11 PM;360,00
May 31, 2023;1:00:21 PM;380,00
May 31, 2023;1:00:31 PM;400,00
May 31, 2023;1:00:41 PM;420,00
May 31, 2023;1:00:51 PM;440,00
May 31, 2023;1:01:01 PM;460,00
May 31, 2023;1:01:11 PM;440,00
May 31, 2023;1:01:21 PM;420,00
May 31, 2023;1:01:31 PM;400,00
May 31, 2023;1:01:41 PM;380,00
May 31, 2023;1:01:51 PM;360,00
May 31, 2023;1:02:01 PM;380,00
May 31, 2023;1:02:11 PM;400,00
May 31, 2023;1:02:21 PM;420,00
May 31, 2023;1:02:31 PM;440,00
May 31, 2023;1:02:41 PM;460,00
May 31, 2023;1:02:51 PM;460,00
May 31, 2023;1:03:01 PM;440,00
May 31, 2023;1:03:11 PM;420,00
May 31, 2023;1:03:21 PM;400,00
May 31, 2023;1:03:37 PM;370,00
May 31, 2023;1:03:47 PM;350,00
May 31, 2023;1:03:57 PM;350,00
May 31, 2023;1:04:07 PM;370,00
May 31, 2023;1:04:17 PM;390,00
May 31, 2023;1:04:27 PM;410,00
May 31, 2023;1:04:37 PM;430,00
May 31, 2023;1:04:47 PM;450,00
May 31, 2023;1:04:57 PM;470,00
May 31, 2023;1:05:07 PM;470,00
May 31, 2023;1:05:17 PM;450,00
May 31, 2023;1:05:27 PM;430,00
May 31, 2023;1:05:37 PM;410,00
May 31, 2023;1:05:47 PM;390,00
May 31, 2023;1:05:57 PM;370,00
May 31, 2023;1:06:07 PM;350,00
May 31, 2023;1:06:17 PM;350,00
May 31, 2023;1:06:32 PM;380,00
May 31, 2023;1:06:47 PM;410,00
May 31, 2023;1:06:57 PM;430,00
May 31, 2023;1:07:07 PM;450,00
May 31, 2023;1:07:17 PM;450,00
May 31, 2023;1:07:27 PM;430,00
May 31, 2023;1:07:37 PM;410,00
May 31, 2023;1:07:47 PM;390,00
May 31, 2023;1:07:57 PM;390,00
May 31, 2023;1:08:07 PM;410,00
May 31, 2023;1:08:17 PM;430,00
May 31, 2023;1:08:27 PM;450,00
May 31, 2023;1:08:37 PM;470,00
May 31, 2023;1:08:47 PM;450,00
May 31, 2023;1:08:57 PM;430,00
May 31, 2023;1:09:12 PM;400,00
May 31, 2023;1:09:22 PM;380,00
May 31, 2023;1:09:32 PM;360,00
May 31, 2023;1:09:42 PM;360,00
May 31, 2023;1:09:52 PM;380,00
May 31, 2023;1:10:02 PM;400,00
May 31, 2023;1:10:12 PM;420,00
May 31, 2023;1:10:22 PM;440,00
May 31, 2023;1:10:37 PM;430,00
May 31, 2023;1:10:47 PM;410,00
May 31, 2023;1:10:57 PM;390,00
May 31, 2023;1:11:07 PM;370,00
May 31, 2023;1:11:17 PM;370,00
May 31, 2023;1:11:27 PM;390,00
May 31, 2023;1:11:37 PM;410,00
May 31, 2023;1:11:47 PM;430,00
May 31, 2023;1:11:57 PM;450,00
May 31, 2023;1:12:07 PM;470,00
May 31, 2023;1:12:17 PM;450,00
May 31, 2023;1:12:27 PM;430,00
May 31, 2023;1:12:37 PM;410,00
May 31, 2023;1:12:47 PM;390,00
May 31, 2023;1:12:57 PM;370,00
May 31, 2023;1:13:07 PM;124,37
May 31, 2023;1:13:17 PM;250,54
May 31, 2023;1:13:28 PM;258,61
May 31, 2023;1:13:38 PM;256,55
May 31, 2023;1:13:48 PM;254,12
May 31, 2023;1:13:58 PM;268,43
May 31, 2023;1:14:11 PM;320,00
May 31, 2023;1:14:21 PM;340,00
May 31, 2023;1:14:31 PM;360,00
May 31, 2023;1:14:46 PM;390,00
May 31, 2023;1:14:56 PM;410,00
May 31, 2023;1:15:06 PM;430,00
May 31, 2023;1:15:16 PM;450,00
May 31, 2023;1:15:26 PM;470,00
May 31, 2023;1:15:41 PM;460,00
May 31, 2023;1:15:51 PM;440,00
May 31, 2023;1:16:01 PM;420,00
May 31, 2023;1:16:11 PM;400,00
May 31, 2023;1:16:21 PM;380,00
May 31, 2023;1:16:43 PM;380,00
May 31, 2023;1:16:53 PM;400,00
May 31, 2023;1:17:03 PM;420,00
May 31, 2023;1:17:13 PM;440,00
May 31, 2023;1:17:23 PM;460,00
May 31, 2023;1:17:51 PM;460,00
May 31, 2023;1:18:06 PM;450,00
May 31, 2023;1:18:21 PM;440,00
May 31, 2023;1:18:36 PM;430,00
May 31, 2023;1:18:51 PM;420,00
May 31, 2023;1:19:16 PM;430,00
May 31, 2023;1:19:31 PM;440,00
May 31, 2023;1:20:26 PM;430,00
May 31, 2023;1:21:21 PM;440,00
May 31, 2023;1:21:56 PM;430,00
May 31, 2023;1:22:11 PM;420,00
May 31, 2023;1:22:26 PM;410,00
May 31, 2023;1:23:06 PM;420,00
May 31, 2023;1:23:21 PM;430,00
May 31, 2023;1:23:36 PM;440,00
May 31, 2023;1:29:01 PM;430,00
May 31, 2023;1:31:26 PM;440,00
May 31, 2023;1:33:31 PM;430,00
May 31, 2023;1:33:46 PM;420,00
May 31, 2023;1:34:31 PM;430,00
May 31, 2023;1:35:36 PM;440,00
May 31, 2023;1:36:21 PM;430,00
May 31, 2023;1:36:36 PM;420,00
May 31, 2023;1:38:21 PM;430,00
May 31, 2023;1:38:36 PM;440,00
May 31, 2023;1:39:21 PM;430,00
May 31, 2023;1:44:46 PM;440,00
May 31, 2023;1:45:31 PM;430,00
May 31, 2023;1:53:46 PM;440,00
May 31, 2023;1:54:41 PM;430,00
May 31, 2023;1:59:16 PM;440,00
May 31, 2023;2:00:11 PM;430,00
May 31, 2023;2:04:57 PM;440,00
May 31, 2023;2:07:02 PM;430,00
May 31, 2023;2:08:27 PM;440,00
May 31, 2023;2:09:22 PM;430,00
May 31, 2023;2:10:17 PM;440,00
May 31, 2023;2:11:02 PM;430,00
May 31, 2023;2:12:27 PM;440,00
May 31, 2023;2:15:42 PM;430,00
May 31, 2023;2:22:37 PM;420,00
May 31, 2023;2:23:32 PM;430,00
May 31, 2023;2:23:47 PM;440,00
May 31, 2023;2:24:22 PM;430,00
May 31, 2023;2:24:37 PM;420,00
May 31, 2023;2:25:12 PM;430,00
May 31, 2023;2:32:58 PM;440,00
May 31, 2023;2:33:53 PM;430,00
May 31, 2023;2:36:38 PM;440,00
May 31, 2023;2:37:43 PM;430,00
May 31, 2023;2:37:58 PM;420,00
May 31, 2023;2:38:43 PM;430,00
May 31, 2023;2:38:58 PM;440,00
May 31, 2023;2:40:23 PM;430,00
May 31, 2023;2:40:38 PM;420,00
May 31, 2023;2:41:33 PM;430,00
May 31, 2023;2:41:48 PM;440,00
May 31, 2023;2:43:03 PM;430,00
May 31, 2023;2:45:38 PM;440,00
May 31, 2023;2:47:53 PM;430,00
May 31, 2023;2:48:08 PM;420,00
May 31, 2023;2:48:53 PM;430,00
May 31, 2023;2:49:08 PM;440,00
May 31, 2023;2:50:33 PM;430,00
May 31, 2023;2:52:58 PM;440,00
May 31, 2023;2:54:53 PM;430,00
May 31, 2023;2:56:28 PM;440,00
May 31, 2023;2:57:23 PM;430,00
May 31, 2023;2:59:48 PM;440,00
May 31, 2023;3:00:03 PM;450,00
May 31, 2023;3:00:28 PM;440,00
May 31, 2023;3:00:43 PM;430,00
May 31, 2023;3:01:58 PM;440,00
May 31, 2023;3:06:33 PM;430,00
May 31, 2023;3:07:28 PM;440,00
May 31, 2023;3:15:23 PM;430,00
May 31, 2023;3:16:28 PM;440,00
May 31, 2023;3:17:43 PM;430,00
May 31, 2023;3:19:08 PM;440,00
May 31, 2023;3:20:53 PM;430,00
May 31, 2023;3:22:58 PM;440,00
May 31, 2023;3:23:54 PM;430,00
May 31, 2023;3:27:09 PM;440,00
May 31, 2023;3:27:54 PM;430,00
May 31, 2023;3:28:09 PM;420,00
May 31, 2023;3:28:44 PM;430,00
May 31, 2023;3:28:59 PM;440,00
May 31, 2023;3:30:05 PM;430,00
May 31, 2023;3:31:50 PM;440,00
May 31, 2023;3:32:05 PM;450,00
May 31, 2023;3:32:30 PM;440,00
May 31, 2023;3:33:55 PM;430,00
May 31, 2023;3:34:10 PM;420,00
May 31, 2023;3:34:35 PM;430,00
May 31, 2023;3:34:50 PM;440,00
May 31, 2023;3:35:25 PM;430,00
May 31, 2023;3:35:40 PM;420,00
May 31, 2023;3:36:15 PM;430,00
May 31, 2023;3:36:30 PM;440,00
May 31, 2023;3:37:35 PM;430,00
May 31, 2023;3:38:20 PM;440,00
May 31, 2023;3:39:05 PM;430,00
May 31, 2023;3:40:30 PM;440,00
May 31, 2023;3:44:25 PM;430,00
May 31, 2023;3:45:00 PM;440,00
May 31, 2023;3:48:15 PM;430,00
May 31, 2023;3:49:40 PM;440,00
May 31, 2023;3:51:35 PM;430,00
May 31, 2023;3:52:40 PM;440,00
May 31, 2023;3:54:55 PM;430,00
May 31, 2023;3:55:30 PM;440,00
May 31, 2023;3:56:15 PM;430,00
May 31, 2023;3:56:50 PM;440,00
May 31, 2023;3:57:05 PM;450,00
May 31, 2023;3:57:40 PM;440,00
May 31, 2023;3:57:55 PM;430,00
May 31, 2023;3:59:20 PM;440,00
May 31, 2023;3:59:35 PM;450,00
May 31, 2023;4:00:10 PM;440,00
May 31, 2023;4:06:35 PM;430,00
May 31, 2023;4:07:40 PM;440,00
May 31, 2023;4:09:25 PM;430,00
May 31, 2023;4:10:20 PM;440,00
May 31, 2023;4:12:25 PM;430,00
May 31, 2023;4:12:40 PM;420,00
May 31, 2023;4:13:05 PM;430,00
May 31, 2023;4:13:20 PM;440,00
May 31, 2023;4:13:35 PM;450,00
May 31, 2023;4:14:20 PM;440,00
May 31, 2023;4:18:05 PM;430,00
May 31, 2023;4:18:20 PM;420,00
May 31, 2023;4:18:55 PM;430,00
May 31, 2023;4:19:10 PM;440,00
May 31, 2023;4:19:25 PM;450,00
May 31, 2023;4:19:50 PM;440,00
May 31, 2023;4:20:05 PM;430,00
May 31, 2023;4:20:20 PM;420,00
May 31, 2023;4:21:25 PM;430,00
May 31, 2023;4:21:40 PM;440,00
May 31, 2023;4:24:45 PM;430,00
May 31, 2023;4:26:20 PM;440,00
May 31, 2023;4:27:25 PM;430,00
May 31, 2023;4:27:40 PM;420,00
May 31, 2023;4:28:35 PM;430,00
May 31, 2023;4:28:50 PM;440,00
May 31, 2023;4:29:05 PM;450,00
May 31, 2023;4:29:30 PM;440,00
May 31, 2023;4:30:01 PM;420,00
May 31, 2023;4:30:26 PM;430,00
May 31, 2023;4:31:31 PM;440,00
May 31, 2023;4:32:26 PM;430,00
May 31, 2023;4:33:21 PM;440,00
May 31, 2023;4:33:57 PM;430,00
May 31, 2023;4:35:52 PM;440,00
May 31, 2023;4:36:07 PM;450,00
May 31, 2023;4:37:12 PM;440,00
May 31, 2023;4:37:27 PM;430,00
May 31, 2023;4:39:22 PM;440,00
May 31, 2023;4:40:37 PM;430,00
May 31, 2023;4:41:32 PM;440,00
May 31, 2023;4:43:57 PM;430,00
May 31, 2023;4:45:12 PM;440,00
May 31, 2023;4:47:37 PM;430,00
May 31, 2023;4:49:22 PM;440,00
May 31, 2023;4:49:37 PM;450,00
May 31, 2023;4:50:02 PM;440,00
May 31, 2023;4:50:17 PM;430,00
May 31, 2023;4:51:12 PM;440,00
May 31, 2023;4:53:37 PM;430,00
May 31, 2023;4:53:52 PM;420,00
May 31, 2023;4:54:17 PM;430,00
May 31, 2023;4:54:32 PM;440,00
May 31, 2023;4:54:47 PM;450,00
May 31, 2023;4:55:12 PM;440,00
May 31, 2023;4:55:27 PM;430,00
May 31, 2023;4:56:52 PM;440,00
May 31, 2023;4:58:17 PM;430,00
May 31, 2023;4:59:02 PM;440,00
May 31, 2023;5:01:17 PM;430,00
May 31, 2023;5:03:42 PM;440,00
May 31, 2023;5:08:57 PM;430,00
May 31, 2023;5:09:32 PM;440,00
May 31, 2023;5:10:17 PM;430,00
May 31, 2023;5:10:52 PM;440,00
May 31, 2023;5:13:16 PM;430,00
May 31, 2023;5:14:06 PM;440,00
May 31, 2023;5:15:21 PM;432,00
May 31, 2023;5:18:51 PM;440,00
May 31, 2023;5:20:01 PM;432,00
May 31, 2023;5:23:01 PM;440,00
May 31, 2023;5:24:01 PM;432,00
May 31, 2023;5:24:31 PM;424,00
May 31, 2023;5:25:21 PM;432,00
May 31, 2023;5:28:11 PM;440,00
May 31, 2023;5:28:41 PM;432,00
May 31, 2023;5:35:01 PM;440,00
May 31, 2023;5:35:51 PM;432,00
May 31, 2023;5:36:51 PM;440,00
May 31, 2023;5:38:12 PM;432,00
May 31, 2023;5:51:40 PM;440,00
May 31, 2023;5:53:40 PM;432,00
May 31, 2023;5:55:50 PM;440,00
May 31, 2023;5:56:30 PM;432,00
May 31, 2023;5:57:50 PM;440,00
May 31, 2023;5:59:00 PM;432,00
May 31, 2023;6:05:20 PM;440,00
May 31, 2023;6:06:50 PM;432,00
May 31, 2023;6:07:50 PM;440,00
May 31, 2023;6:08:50 PM;432,00
May 31, 2023;6:11:50 PM;440,00
May 31, 2023;6:13:00 PM;432,00
May 31, 2023;6:13:20 PM;424,00
May 31, 2023;6:14:10 PM;432,00
May 31, 2023;6:14:30 PM;440,00
May 31, 2023;6:15:50 PM;432,00
May 31, 2023;6:17:00 PM;440,00
May 31, 2023;6:18:20 PM;432,00
May 31, 2023;6:19:10 PM;440,00
May 31, 2023;6:20:20 PM;432,00
May 31, 2023;6:25:30 PM;440,00
May 31, 2023;6:27:00 PM;432,00
May 31, 2023;6:27:20 PM;424,00
May 31, 2023;6:27:40 PM;416,00
May 31, 2023;6:28:10 PM;424,00
May 31, 2023;6:28:30 PM;432,00
May 31, 2023;6:30:30 PM;440,00
May 31, 2023;6:31:00 PM;432,00
May 31, 2023;6:31:20 PM;424,00
May 31, 2023;6:31:40 PM;432,00
May 31, 2023;6:38:30 PM;440,00
May 31, 2023;6:39:40 PM;432,00
May 31, 2023;6:49:08 PM;440,00
May 31, 2023;6:49:48 PM;432,00
May 31, 2023;6:53:18 PM;440,00
May 31, 2023;6:54:48 PM;432,00
May 31, 2023;6:56:48 PM;440,00
May 31, 2023;6:57:28 PM;432,00
May 31, 2023;7:05:28 PM;440,00
May 31, 2023;7:07:18 PM;432,00
May 31, 2023;7:07:38 PM;424,00
May 31, 2023;7:08:28 PM;432,00
May 31, 2023;7:08:48 PM;440,00
May 31, 2023;7:09:58 PM;432,00
May 31, 2023;7:13:28 PM;440,00
May 31, 2023;7:15:18 PM;432,00
May 31, 2023;7:24:08 PM;424,00
May 31, 2023;7:24:58 PM;432,00
May 31, 2023;7:25:18 PM;440,00
May 31, 2023;7:26:38 PM;432,00
May 31, 2023;7:35:18 PM;440,00
May 31, 2023;7:35:58 PM;432,00
May 31, 2023;7:36:18 PM;424,00
May 31, 2023;7:36:48 PM;432,00
May 31, 2023;7:38:28 PM;424,00
May 31, 2023;7:39:08 PM;432,00
May 31, 2023;7:43:08 PM;440,00
May 31, 2023;7:43:48 PM;432,00
May 31, 2023;7:47:09 PM;440,00
May 31, 2023;7:48:59 PM;432,00
May 31, 2023;7:56:39 PM;440,00
May 31, 2023;7:56:59 PM;448,00
May 31, 2023;7:57:29 PM;440,00
May 31, 2023;7:57:49 PM;432,00
May 31, 2023;7:58:09 PM;424,00
May 31, 2023;7:58:49 PM;432,00
May 31, 2023;7:59:09 PM;440,00
May 31, 2023;8:03:55 PM;448,00
May 31, 2023;8:04:25 PM;440,00
May 31, 2023;8:04:45 PM;432,00
May 31, 2023;8:06:05 PM;440,00
May 31, 2023;8:06:40 PM;432,00
May 31, 2023;8:07:50 PM;440,00
May 31, 2023;8:08:25 PM;432,00
May 31, 2023;8:10:10 PM;440,00
May 31, 2023;8:11:10 PM;432,00
May 31, 2023;8:12:35 PM;440,00
May 31, 2023;8:13:10 PM;448,00
May 31, 2023;8:13:46 PM;440,00
May 31, 2023;8:14:06 PM;432,00
May 31, 2023;8:16:01 PM;440,00
May 31, 2023;8:16:36 PM;432,00
May 31, 2023;8:16:56 PM;424,00
May 31, 2023;8:17:36 PM;432,00
May 31, 2023;8:17:56 PM;440,00
May 31, 2023;8:18:46 PM;432,00
May 31, 2023;8:19:36 PM;424,00
May 31, 2023;8:19:56 PM;432,00
May 31, 2023;8:21:06 PM;440,00
May 31, 2023;8:21:41 PM;432,00
May 31, 2023;8:23:36 PM;440,00
May 31, 2023;8:24:21 PM;432,00
May 31, 2023;8:24:46 PM;424,00
May 31, 2023;8:25:11 PM;432,00
May 31, 2023;8:25:31 PM;440,00
May 31, 2023;8:25:51 PM;448,00
May 31, 2023;8:26:16 PM;440,00
May 31, 2023;8:26:36 PM;432,00
May 31, 2023;8:27:11 PM;440,00
May 31, 2023;8:28:11 PM;432,00
May 31, 2023;8:28:56 PM;440,00
May 31, 2023;8:29:31 PM;432,00
May 31, 2023;8:30:41 PM;440,00
May 31, 2023;8:31:36 PM;432,00
May 31, 2023;8:33:01 PM;440,00
May 31, 2023;8:36:11 PM;432,00
May 31, 2023;8:37:06 PM;440,00
May 31, 2023;8:38:06 PM;432,00
May 31, 2023;8:38:26 PM;424,00
May 31, 2023;8:38:51 PM;432,00
May 31, 2023;8:41:46 PM;440,00
May 31, 2023;8:42:26 PM;432,00
May 31, 2023;8:44:06 PM;440,00
May 31, 2023;8:45:41 PM;432,00
May 31, 2023;8:47:26 PM;440,00
May 31, 2023;8:49:07 PM;432,00
May 31, 2023;8:49:27 PM;424,00
May 31, 2023;8:50:02 PM;432,00
May 31, 2023;8:51:27 PM;440,00
May 31, 2023;8:53:07 PM;432,00
May 31, 2023;8:54:07 PM;440,00
May 31, 2023;8:54:57 PM;448,00
May 31, 2023;8:55:17 PM;440,00
May 31, 2023;8:55:37 PM;432,00
May 31, 2023;8:55:57 PM;424,00
May 31, 2023;8:56:17 PM;432,00
May 31, 2023;8:56:37 PM;440,00
May 31, 2023;8:57:12 PM;432,00
May 31, 2023;8:57:52 PM;440,00
May 31, 2023;8:59:32 PM;432,00
May 31, 2023;8:59:52 PM;424,00
May 31, 2023;9:00:32 PM;432,00
May 31, 2023;9:00:52 PM;440,00
May 31, 2023;9:01:27 PM;432,00
May 31, 2023;9:01:47 PM;424,00
May 31, 2023;9:02:27 PM;432,00
May 31, 2023;9:02:47 PM;440,00
May 31, 2023;9:03:37 PM;432,00
May 31, 2023;9:05:07 PM;440,00
May 31, 2023;9:05:27 PM;448,00
May 31, 2023;9:05:47 PM;440,00
May 31, 2023;9:06:22 PM;432,00
May 31, 2023;9:06:53 PM;424,00
May 31, 2023;9:07:18 PM;432,00
May 31, 2023;9:07:38 PM;440,00
May 31, 2023;9:09:03 PM;432,00
May 31, 2023;9:11:53 PM;440,00
May 31, 2023;9:13:08 PM;432,00
May 31, 2023;9:13:28 PM;424,00
May 31, 2023;9:13:58 PM;432,00
May 31, 2023;9:14:18 PM;440,00
May 31, 2023;9:14:38 PM;448,00
May 31, 2023;9:14:58 PM;440,00
May 31, 2023;9:15:18 PM;432,00
May 31, 2023;9:15:38 PM;424,00
May 31, 2023;9:16:48 PM;432,00
May 31, 2023;9:17:13 PM;440,00
May 31, 2023;9:17:33 PM;448,00
May 31, 2023;9:18:13 PM;440,00
May 31, 2023;9:18:33 PM;432,00
May 31, 2023;9:20:03 PM;440,00
May 31, 2023;9:20:58 PM;432,00
May 31, 2023;9:21:28 PM;440,00
May 31, 2023;9:21:48 PM;448,00
May 31, 2023;9:22:08 PM;440,00
May 31, 2023;9:22:28 PM;432,00
May 31, 2023;9:23:03 PM;424,00
May 31, 2023;9:23:23 PM;432,00
May 31, 2023;9:23:48 PM;440,00
May 31, 2023;9:24:08 PM;448,00
May 31, 2023;9:24:28 PM;440,00
May 31, 2023;9:24:48 PM;432,00
May 31, 2023;9:25:08 PM;424,00
May 31, 2023;9:25:43 PM;432,00
May 31, 2023;9:26:03 PM;440,00
May 31, 2023;9:26:23 PM;432,00
May 31, 2023;9:26:43 PM;424,00
May 31, 2023;9:27:28 PM;432,00
May 31, 2023;9:27:48 PM;440,00
May 31, 2023;9:28:49 PM;432,00
May 31, 2023;9:29:09 PM;424,00
May 31, 2023;9:29:39 PM;432,00
May 31, 2023;9:29:59 PM;440,00
May 31, 2023;9:30:19 PM;448,00
May 31, 2023;9:30:39 PM;440,00
May 31, 2023;9:30:59 PM;432,00
May 31, 2023;9:32:24 PM;440,00
May 31, 2023;9:33:59 PM;432,00
May 31, 2023;9:35:09 PM;440,00
May 31, 2023;9:35:54 PM;432,00
May 31, 2023;9:39:04 PM;440,00
May 31, 2023;9:41:09 PM;432,00
May 31, 2023;9:41:29 PM;424,00
May 31, 2023;9:41:59 PM;432,00
May 31, 2023;9:42:19 PM;440,00
May 31, 2023;9:42:39 PM;448,00
May 31, 2023;9:43:04 PM;440,00
May 31, 2023;9:43:24 PM;432,00
May 31, 2023;9:45:04 PM;440,00
May 31, 2023;9:45:49 PM;432,00
May 31, 2023;9:46:49 PM;440,00
May 31, 2023;9:47:34 PM;432,00
May 31, 2023;9:50:04 PM;440,00
May 31, 2023;9:50:59 PM;432,00
May 31, 2023;9:51:19 PM;424,00
May 31, 2023;9:51:54 PM;432,00
May 31, 2023;9:52:14 PM;440,00
May 31, 2023;9:52:44 PM;432,00
May 31, 2023;9:53:05 PM;424,00
May 31, 2023;9:53:40 PM;432,00
May 31, 2023;9:54:00 PM;440,00
May 31, 2023;9:54:50 PM;432,00
May 31, 2023;9:55:10 PM;424,00
May 31, 2023;9:55:40 PM;432,00
May 31, 2023;9:56:00 PM;440,00
May 31, 2023;9:58:05 PM;432,00
May 31, 2023;9:58:26 PM;440,00
May 31, 2023;9:59:06 PM;432,00
May 31, 2023;10:01:01 PM;440,00
May 31, 2023;10:03:21 PM;432,00
May 31, 2023;10:04:06 PM;440,00
May 31, 2023;10:04:26 PM;448,00
May 31, 2023;10:04:46 PM;440,00
May 31, 2023;10:05:06 PM;432,00
May 31, 2023;10:05:26 PM;424,00
May 31, 2023;10:05:51 PM;432,00
May 31, 2023;10:06:11 PM;440,00
May 31, 2023;10:07:21 PM;432,00
May 31, 2023;10:07:41 PM;424,00
May 31, 2023;10:08:26 PM;432,00
May 31, 2023;10:08:46 PM;440,00
May 31, 2023;10:09:21 PM;432,00
May 31, 2023;10:09:41 PM;424,00
May 31, 2023;10:10:01 PM;432,00
May 31, 2023;10:10:21 PM;440,00
May 31, 2023;10:10:41 PM;448,00
May 31, 2023;10:11:06 PM;440,00
May 31, 2023;10:11:26 PM;432,00
May 31, 2023;10:11:46 PM;424,00
May 31, 2023;10:12:41 PM;432,00
May 31, 2023;10:13:01 PM;440,00
May 31, 2023;10:13:36 PM;432,00
May 31, 2023;10:15:31 PM;440,00
May 31, 2023;10:15:56 PM;432,00
May 31, 2023;10:16:16 PM;424,00
May 31, 2023;10:16:46 PM;432,00
May 31, 2023;10:17:31 PM;440,00
May 31, 2023;10:17:51 PM;432,00
May 31, 2023;10:21:01 PM;424,00
May 31, 2023;10:21:26 PM;432,00
May 31, 2023;10:21:46 PM;440,00
May 31, 2023;10:22:06 PM;448,00
May 31, 2023;10:22:26 PM;440,00
May 31, 2023;10:22:46 PM;432,00
May 31, 2023;10:23:06 PM;424,00
May 31, 2023;10:23:41 PM;432,00
May 31, 2023;10:24:01 PM;440,00
May 31, 2023;10:25:06 PM;432,00
May 31, 2023;10:25:46 PM;424,00
May 31, 2023;10:26:37 PM;432,00
May 31, 2023;10:26:57 PM;440,00
May 31, 2023;10:27:56 PM;432,00
May 31, 2023;10:28:16 PM;424,00
May 31, 2023;10:28:46 PM;432,00
May 31, 2023;10:30:46 PM;440,00
May 31, 2023;10:32:01 PM;432,00
May 31, 2023;10:34:16 PM;424,00
May 31, 2023;10:34:41 PM;432,00
May 31, 2023;10:35:01 PM;440,00
May 31, 2023;10:35:46 PM;432,00
May 31, 2023;10:36:26 PM;424,00
May 31, 2023;10:37:16 PM;432,00
May 31, 2023;10:37:46 PM;440,00
May 31, 2023;10:38:21 PM;432,00
May 31, 2023;10:39:51 PM;440,00
May 31, 2023;10:40:41 PM;432,00
May 31, 2023;10:41:01 PM;424,00
May 31, 2023;10:41:51 PM;432,00
May 31, 2023;10:42:11 PM;440,00
May 31, 2023;10:42:31 PM;432,00
May 31, 2023;10:42:51 PM;424,00
May 31, 2023;10:43:26 PM;432,00
May 31, 2023;10:43:46 PM;440,00
May 31, 2023;10:44:06 PM;448,00
May 31, 2023;10:44:31 PM;440,00
May 31, 2023;10:44:56 PM;432,00
May 31, 2023;10:45:16 PM;424,00
May 31, 2023;10:45:46 PM;432,00
May 31, 2023;10:46:06 PM;440,00
May 31, 2023;10:46:26 PM;448,00
May 31, 2023;10:46:46 PM;440,00
May 31, 2023;10:47:06 PM;432,00
May 31, 2023;10:48:51 PM;440,00
May 31, 2023;10:49:31 PM;432,00
May 31, 2023;10:49:51 PM;424,00
May 31, 2023;10:50:26 PM;432,00
May 31, 2023;10:50:56 PM;440,00
May 31, 2023;10:51:21 PM;432,00
May 31, 2023;10:51:41 PM;424,00
May 31, 2023;10:52:11 PM;432,00
May 31, 2023;10:52:41 PM;440,00
May 31, 2023;10:53:21 PM;432,00
May 31, 2023;10:56:48 PM;440,00
May 31, 2023;10:57:43 PM;432,00
May 31, 2023;10:58:03 PM;424,00
May 31, 2023;10:58:38 PM;432,00
May 31, 2023;11:01:33 PM;424,00
May 31, 2023;11:02:03 PM;432,00
May 31, 2023;11:02:23 PM;440,00
May 31, 2023;11:03:28 PM;432,00
May 31, 2023;11:03:48 PM;424,00
May 31, 2023;11:04:28 PM;432,00
May 31, 2023;11:04:48 PM;440,00
May 31, 2023;11:05:23 PM;432,00
May 31, 2023;11:06:28 PM;440,00
May 31, 2023;11:06:53 PM;432,00
May 31, 2023;11:07:23 PM;440,00
May 31, 2023;11:07:58 PM;432,00
May 31, 2023;11:08:18 PM;424,00
May 31, 2023;11:08:48 PM;432,00
May 31, 2023;11:10:13 PM;440,00
May 31, 2023;11:10:33 PM;448,00
May 31, 2023;11:10:53 PM;440,00
May 31, 2023;11:11:13 PM;432,00
May 31, 2023;11:11:33 PM;424,00
May 31, 2023;11:12:03 PM;432,00
May 31, 2023;11:12:23 PM;440,00
May 31, 2023;11:12:53 PM;432,00
May 31, 2023;11:16:48 PM;440,00
May 31, 2023;11:17:38 PM;432,00
May 31, 2023;11:20:33 PM;440,00
May 31, 2023;11:21:28 PM;432,00
May 31, 2023;11:22:03 PM;440,00
May 31, 2023;11:22:33 PM;432,00
May 31, 2023;11:23:02 PM;424,00
May 31, 2023;11:23:22 PM;416,00
May 31, 2023;11:23:42 PM;424,00
May 31, 2023;11:24:02 PM;432,00
May 31, 2023;11:24:22 PM;440,00
May 31, 2023;11:24:42 PM;448,00
May 31, 2023;11:25:02 PM;440,00
May 31, 2023;11:25:22 PM;432,00
May 31, 2023;11:25:42 PM;424,00
May 31, 2023;11:26:27 PM;432,00
May 31, 2023;11:28:22 PM;440,00
May 31, 2023;11:28:52 PM;432,00
May 31, 2023;11:36:32 PM;440,00
May 31, 2023;11:36:52 PM;448,00
May 31, 2023;11:37:17 PM;440,00
May 31, 2023;11:37:37 PM;432,00
May 31, 2023;11:39:17 PM;440,00
May 31, 2023;11:39:52 PM;432,00
May 31, 2023;11:40:27 PM;424,00
May 31, 2023;11:40:52 PM;432,00
May 31, 2023;11:41:27 PM;440,00
May 31, 2023;11:42:02 PM;432,00
May 31, 2023;11:43:13 PM;440,00
May 31, 2023;11:43:58 PM;432,00
May 31, 2023;11:44:43 PM;440,00
May 31, 2023;11:45:28 PM;432,00
May 31, 2023;11:45:48 PM;424,00
May 31, 2023;11:46:38 PM;432,00
May 31, 2023;11:46:58 PM;440,00
May 31, 2023;11:47:28 PM;432,00
May 31, 2023;11:52:28 PM;440,00
May 31, 2023;11:53:38 PM;432,00
May 31, 2023;11:54:48 PM;440,00
May 31, 2023;11:55:23 PM;432,00
May 31, 2023;11:55:43 PM;424,00
May 31, 2023;11:56:48 PM;432,00
May 31, 2023;11:57:28 PM;440,00
May 31, 2023;11:57:58 PM;432,00
May 31, 2023;11:58:58 PM;440,00
May 31, 2023;11:59:28 PM;432,00
May 31, 2023;11:59:48 PM;424,00
Jun 1, 2023;12:00:08 AM;432,00
Jun 1, 2023;12:00:29 AM;440,00
Jun 1, 2023;12:00:54 AM;432,00
Jun 1, 2023;12:02:24 AM;440,00
Jun 1, 2023;12:03:09 AM;432,00
Jun 1, 2023;12:04:44 AM;440,00
Jun 1, 2023;12:05:14 AM;432,00
Jun 1, 2023;12:07:39 AM;440,00
Jun 1, 2023;12:07:59 AM;432,00
Jun 1, 2023;12:08:19 AM;424,00
Jun 1, 2023;12:08:49 AM;432,00
Jun 1, 2023;12:09:09 AM;440,00
Jun 1, 2023;12:09:59 AM;432,00
Jun 1, 2023;12:10:19 AM;424,00
Jun 1, 2023;12:10:54 AM;432,00
Jun 1, 2023;12:11:14 AM;440,00
Jun 1, 2023;12:11:34 AM;432,00
Jun 1, 2023;12:13:24 AM;440,00
Jun 1, 2023;12:14:14 AM;432,00
Jun 1, 2023;12:14:34 AM;424,00
Jun 1, 2023;12:14:59 AM;432,00
Jun 1, 2023;12:15:19 AM;440,00
Jun 1, 2023;12:15:49 AM;432,00
Jun 1, 2023;12:16:44 AM;440,00
Jun 1, 2023;12:17:29 AM;432,00
Jun 1, 2023;12:17:49 AM;424,00
Jun 1, 2023;12:18:24 AM;432,00
Jun 1, 2023;12:18:54 AM;440,00
Jun 1, 2023;12:19:39 AM;432,00
Jun 1, 2023;12:20:04 AM;424,00
Jun 1, 2023;12:20:29 AM;432,00
Jun 1, 2023;12:23:44 AM;440,00
Jun 1, 2023;12:24:04 AM;448,00
Jun 1, 2023;12:24:29 AM;440,00
Jun 1, 2023;12:24:49 AM;432,00
Jun 1, 2023;12:28:34 AM;440,00
Jun 1, 2023;12:28:59 AM;432,00
Jun 1, 2023;12:29:59 AM;440,00
Jun 1, 2023;12:30:34 AM;432,00
Jun 1, 2023;12:30:54 AM;424,00
Jun 1, 2023;12:31:14 AM;432,00
Jun 1, 2023;12:31:34 AM;440,00
Jun 1, 2023;12:32:09 AM;432,00
Jun 1, 2023;12:32:44 AM;440,00
Jun 1, 2023;12:33:04 AM;432,00
Jun 1, 2023;12:35:34 AM;440,00
Jun 1, 2023;12:36:29 AM;432,00
Jun 1, 2023;12:40:50 AM;424,00
Jun 1, 2023;12:41:25 AM;432,00
Jun 1, 2023;12:41:45 AM;440,00
Jun 1, 2023;12:42:20 AM;432,00
Jun 1, 2023;12:42:55 AM;440,00
Jun 1, 2023;12:43:30 AM;432,00
Jun 1, 2023;12:43:50 AM;424,00
Jun 1, 2023;12:44:20 AM;432,00
Jun 1, 2023;12:44:40 AM;440,00
Jun 1, 2023;12:45:10 AM;432,00
Jun 1, 2023;12:46:05 AM;440,00
Jun 1, 2023;12:46:40 AM;432,00
Jun 1, 2023;12:47:00 AM;424,00
Jun 1, 2023;12:47:40 AM;432,00
Jun 1, 2023;12:48:00 AM;440,00
Jun 1, 2023;12:48:35 AM;432,00
Jun 1, 2023;12:49:25 AM;440,00
Jun 1, 2023;12:50:10 AM;432,00
Jun 1, 2023;12:50:30 AM;424,00
Jun 1, 2023;12:51:05 AM;432,00
Jun 1, 2023;12:52:20 AM;440,00
Jun 1, 2023;12:52:50 AM;432,00
Jun 1, 2023;12:55:35 AM;424,00
Jun 1, 2023;12:56:00 AM;432,00
Jun 1, 2023;12:57:30 AM;440,00
Jun 1, 2023;12:57:55 AM;432,00
Jun 1, 2023;12:58:20 AM;424,00
Jun 1, 2023;12:59:00 AM;432,00
Jun 1, 2023;12:59:20 AM;440,00
Jun 1, 2023;1:00:05 AM;432,00
Jun 1, 2023;1:01:00 AM;440,00
Jun 1, 2023;1:01:25 AM;432,00
Jun 1, 2023;1:02:00 AM;440,00
Jun 1, 2023;1:03:05 AM;432,00
Jun 1, 2023;1:05:56 AM;440,00
Jun 1, 2023;1:06:21 AM;432,00
Jun 1, 2023;1:07:26 AM;440,00
Jun 1, 2023;1:08:56 AM;432,00
Jun 1, 2023;1:09:16 AM;424,00
Jun 1, 2023;1:09:51 AM;432,00
Jun 1, 2023;1:10:41 AM;440,00
Jun 1, 2023;1:11:21 AM;432,00
Jun 1, 2023;1:13:01 AM;440,00
Jun 1, 2023;1:13:41 AM;432,00
Jun 1, 2023;1:15:26 AM;440,00
Jun 1, 2023;1:15:46 AM;448,00
Jun 1, 2023;1:16:06 AM;440,00
Jun 1, 2023;1:16:26 AM;432,00
Jun 1, 2023;1:17:26 AM;440,00
Jun 1, 2023;1:17:56 AM;432,00
Jun 1, 2023;1:18:46 AM;440,00
Jun 1, 2023;1:19:06 AM;448,00
Jun 1, 2023;1:19:26 AM;440,00
Jun 1, 2023;1:19:46 AM;432,00
Jun 1, 2023;1:20:06 AM;424,00
Jun 1, 2023;1:20:41 AM;432,00
Jun 1, 2023;1:21:01 AM;440,00
Jun 1, 2023;1:21:41 AM;432,00
Jun 1, 2023;1:22:01 AM;424,00
Jun 1, 2023;1:22:41 AM;432,00
Jun 1, 2023;1:23:01 AM;440,00
Jun 1, 2023;1:23:51 AM;432,00
Jun 1, 2023;1:24:11 AM;424,00
Jun 1, 2023;1:25:01 AM;432,00
Jun 1, 2023;1:25:21 AM;440,00
Jun 1, 2023;1:26:11 AM;432,00
Jun 1, 2023;1:28:42 AM;440,00
Jun 1, 2023;1:29:27 AM;432,00
Jun 1, 2023;1:29:52 AM;424,00
Jun 1, 2023;1:30:27 AM;432,00
Jun 1, 2023;1:31:12 AM;440,00
Jun 1, 2023;1:32:22 AM;432,00
Jun 1, 2023;1:32:42 AM;424,00
Jun 1, 2023;1:33:02 AM;432,00
Jun 1, 2023;1:33:22 AM;440,00
Jun 1, 2023;1:33:42 AM;448,00
Jun 1, 2023;1:34:02 AM;440,00
Jun 1, 2023;1:34:52 AM;432,00
Jun 1, 2023;1:36:02 AM;440,00
Jun 1, 2023;1:36:52 AM;432,00
Jun 1, 2023;1:37:52 AM;440,00
Jun 1, 2023;1:38:37 AM;432,00
Jun 1, 2023;1:39:37 AM;440,00
Jun 1, 2023;1:41:07 AM;432,00
Jun 1, 2023;1:43:22 AM;440,00
Jun 1, 2023;1:44:12 AM;432,00
Jun 1, 2023;1:44:32 AM;424,00
Jun 1, 2023;1:44:57 AM;432,00
Jun 1, 2023;1:45:17 AM;440,00
Jun 1, 2023;1:46:42 AM;432,00
Jun 1, 2023;1:48:02 AM;440,00
Jun 1, 2023;1:49:12 AM;432,00
Jun 1, 2023;1:50:07 AM;440,00
Jun 1, 2023;1:50:37 AM;432,00
Jun 1, 2023;1:51:17 AM;440,00
Jun 1, 2023;1:51:37 AM;448,00
Jun 1, 2023;1:52:22 AM;440,00
Jun 1, 2023;1:52:42 AM;432,00
Jun 1, 2023;1:53:37 AM;424,00
Jun 1, 2023;1:54:07 AM;432,00
Jun 1, 2023;1:54:27 AM;440,00
Jun 1, 2023;1:55:52 AM;432,00
Jun 1, 2023;1:56:52 AM;440,00
Jun 1, 2023;1:57:27 AM;432,00
Jun 1, 2023;1:58:02 AM;440,00
Jun 1, 2023;1:58:22 AM;448,00
Jun 1, 2023;1:58:52 AM;440,00
Jun 1, 2023;1:59:12 AM;432,00
Jun 1, 2023;1:59:42 AM;440,00
Jun 1, 2023;2:00:22 AM;432,00
Jun 1, 2023;2:01:07 AM;440,00
Jun 1, 2023;2:02:17 AM;432,00
Jun 1, 2023;2:02:57 AM;440,00
Jun 1, 2023;2:04:02 AM;432,00
Jun 1, 2023;2:05:12 AM;440,00
Jun 1, 2023;2:06:42 AM;432,00
Jun 1, 2023;2:07:53 AM;440,00
Jun 1, 2023;2:08:18 AM;448,00
Jun 1, 2023;2:08:48 AM;440,00
Jun 1, 2023;2:09:08 AM;432,00
Jun 1, 2023;2:09:28 AM;424,00
Jun 1, 2023;2:09:53 AM;432,00
Jun 1, 2023;2:10:18 AM;440,00
Jun 1, 2023;2:12:58 AM;432,00
Jun 1, 2023;2:14:33 AM;440,00
Jun 1, 2023;2:16:04 AM;432,00
Jun 1, 2023;2:16:29 AM;440,00
Jun 1, 2023;2:17:39 AM;432,00
Jun 1, 2023;2:18:34 AM;440,00
Jun 1, 2023;2:23:25 AM;448,00
Jun 1, 2023;2:23:50 AM;440,00
Jun 1, 2023;2:25:45 AM;432,00
Jun 1, 2023;2:26:25 AM;440,00
Jun 1, 2023;2:28:20 AM;432,00
Jun 1, 2023;2:29:05 AM;440,00
Jun 1, 2023;2:29:25 AM;448,00
Jun 1, 2023;2:30:05 AM;440,00
Jun 1, 2023;2:31:20 AM;432,00
Jun 1, 2023;2:31:55 AM;440,00
Jun 1, 2023;2:32:15 AM;448,00
Jun 1, 2023;2:32:35 AM;440,00
Jun 1, 2023;2:34:30 AM;432,00
Jun 1, 2023;2:35:10 AM;440,00
Jun 1, 2023;2:35:30 AM;448,00
Jun 1, 2023;2:36:15 AM;440,00
Jun 1, 2023;2:37:15 AM;432,00
Jun 1, 2023;2:37:50 AM;440,00
Jun 1, 2023;2:38:10 AM;448,00
Jun 1, 2023;2:39:15 AM;440,00
Jun 1, 2023;2:39:35 AM;432,00
Jun 1, 2023;2:39:55 AM;440,00
Jun 1, 2023;2:41:40 AM;448,00
Jun 1, 2023;2:42:45 AM;440,00
Jun 1, 2023;2:45:10 AM;448,00
Jun 1, 2023;2:46:10 AM;440,00
Jun 1, 2023;2:46:30 AM;432,00
Jun 1, 2023;2:47:05 AM;440,00
Jun 1, 2023;2:47:25 AM;448,00
Jun 1, 2023;2:48:00 AM;440,00
Jun 1, 2023;2:48:20 AM;432,00
Jun 1, 2023;2:48:50 AM;440,00
Jun 1, 2023;2:49:10 AM;448,00
Jun 1, 2023;2:49:30 AM;440,00
Jun 1, 2023;2:54:20 AM;432,00
Jun 1, 2023;2:54:55 AM;440,00
Jun 1, 2023;2:56:30 AM;448,00
Jun 1, 2023;2:57:15 AM;440,00
Jun 1, 2023;2:57:35 AM;432,00
Jun 1, 2023;2:57:55 AM;440,00
Jun 1, 2023;2:58:15 AM;448,00
Jun 1, 2023;2:59:45 AM;440,00
Jun 1, 2023;3:00:05 AM;432,00
Jun 1, 2023;3:00:30 AM;440,00
Jun 1, 2023;3:00:50 AM;448,00
Jun 1, 2023;3:01:40 AM;440,00
Jun 1, 2023;3:03:05 AM;448,00
Jun 1, 2023;3:03:40 AM;440,00
Jun 1, 2023;3:04:00 AM;432,00
Jun 1, 2023;3:04:35 AM;440,00
Jun 1, 2023;3:04:55 AM;448,00
Jun 1, 2023;3:05:35 AM;440,00
Jun 1, 2023;3:05:55 AM;432,00
Jun 1, 2023;3:06:35 AM;440,00
Jun 1, 2023;3:06:55 AM;448,00
Jun 1, 2023;3:07:15 AM;456,00
Jun 1, 2023;3:07:50 AM;448,00
Jun 1, 2023;3:08:10 AM;440,00
Jun 1, 2023;3:08:45 AM;448,00
Jun 1, 2023;3:10:25 AM;440,00
Jun 1, 2023;3:12:32 AM;440,00
Jun 1, 2023;3:13:02 AM;432,00
Jun 1, 2023;3:13:37 AM;440,00
Jun 1, 2023;3:13:57 AM;448,00
Jun 1, 2023;3:15:07 AM;440,00
Jun 1, 2023;3:15:57 AM;448,00
Jun 1, 2023;3:17:07 AM;440,00
Jun 1, 2023;3:17:27 AM;432,00
Jun 1, 2023;3:17:52 AM;440,00
Jun 1, 2023;3:18:12 AM;448,00
Jun 1, 2023;3:18:57 AM;440,00
Jun 1, 2023;3:19:52 AM;448,00
Jun 1, 2023;3:21:12 AM;440,00
Jun 1, 2023;3:22:07 AM;448,00
Jun 1, 2023;3:22:27 AM;456,00
Jun 1, 2023;3:22:57 AM;448,00
Jun 1, 2023;3:23:52 AM;440,00
Jun 1, 2023;3:25:07 AM;448,00
Jun 1, 2023;3:26:37 AM;440,00
Jun 1, 2023;3:28:07 AM;448,00
Jun 1, 2023;3:30:17 AM;440,00
Jun 1, 2023;3:31:32 AM;448,00
Jun 1, 2023;3:31:52 AM;456,00
Jun 1, 2023;3:32:22 AM;448,00
Jun 1, 2023;3:32:42 AM;440,00
Jun 1, 2023;3:33:47 AM;448,00
Jun 1, 2023;3:34:07 AM;456,00
Jun 1, 2023;3:34:47 AM;448,00
Jun 1, 2023;3:35:07 AM;440,00
Jun 1, 2023;3:35:27 AM;432,00
Jun 1, 2023;3:35:52 AM;440,00
Jun 1, 2023;3:36:12 AM;448,00
Jun 1, 2023;3:37:57 AM;456,00
Jun 1, 2023;3:38:32 AM;448,00
Jun 1, 2023;3:38:52 AM;440,00
Jun 1, 2023;3:39:47 AM;448,00
Jun 1, 2023;3:40:07 AM;456,00
Jun 1, 2023;3:40:47 AM;448,00
Jun 1, 2023;3:41:07 AM;440,00
Jun 1, 2023;3:41:32 AM;448,00
Jun 1, 2023;3:46:37 AM;456,00
Jun 1, 2023;3:46:57 AM;464,00
Jun 1, 2023;3:47:17 AM;456,00
Jun 1, 2023;3:47:37 AM;448,00
Jun 1, 2023;3:48:32 AM;440,00
Jun 1, 2023;3:49:02 AM;448,00
Jun 1, 2023;3:50:42 AM;456,00
Jun 1, 2023;3:51:37 AM;448,00
Jun 1, 2023;3:51:57 AM;440,00
Jun 1, 2023;3:52:37 AM;448,00
Jun 1, 2023;3:52:57 AM;456,00
Jun 1, 2023;3:53:22 AM;448,00
Jun 1, 2023;3:54:57 AM;456,00
Jun 1, 2023;3:55:47 AM;448,00
Jun 1, 2023;3:58:27 AM;456,00
Jun 1, 2023;4:00:13 AM;448,00
Jun 1, 2023;4:05:03 AM;456,00
Jun 1, 2023;4:06:13 AM;448,00
Jun 1, 2023;4:06:48 AM;456,00
Jun 1, 2023;4:08:33 AM;448,00
Jun 1, 2023;4:10:35 AM;456,00
Jun 1, 2023;4:11:41 AM;464,00
Jun 1, 2023;4:12:01 AM;456,00
Jun 1, 2023;4:12:21 AM;448,00
Jun 1, 2023;4:13:21 AM;456,00
Jun 1, 2023;4:15:12 AM;448,00
Jun 1, 2023;4:15:57 AM;456,00
Jun 1, 2023;4:16:52 AM;448,00
Jun 1, 2023;4:17:42 AM;456,00
Jun 1, 2023;4:19:17 AM;448,00
Jun 1, 2023;4:20:22 AM;456,00
Jun 1, 2023;4:21:37 AM;464,00
Jun 1, 2023;4:22:22 AM;456,00
Jun 1, 2023;4:22:42 AM;448,00
Jun 1, 2023;4:23:57 AM;456,00
Jun 1, 2023;4:25:02 AM;448,00
Jun 1, 2023;4:26:02 AM;456,00
Jun 1, 2023;4:28:02 AM;464,00
Jun 1, 2023;4:28:57 AM;456,00
Jun 1, 2023;4:29:22 AM;448,00
Jun 1, 2023;4:30:17 AM;456,00
Jun 1, 2023;4:30:42 AM;464,00
Jun 1, 2023;4:31:12 AM;456,00
Jun 1, 2023;4:31:32 AM;448,00
Jun 1, 2023;4:32:37 AM;456,00
Jun 1, 2023;4:32:57 AM;464,00
Jun 1, 2023;4:33:47 AM;456,00
Jun 1, 2023;4:34:07 AM;448,00
Jun 1, 2023;4:35:02 AM;456,00
Jun 1, 2023;4:35:22 AM;464,00
Jun 1, 2023;4:36:07 AM;456,00
Jun 1, 2023;4:36:27 AM;448,00
Jun 1, 2023;4:37:42 AM;456,00
Jun 1, 2023;4:41:31 AM;464,00
Jun 1, 2023;4:41:51 AM;472,00
Jun 1, 2023;4:42:21 AM;464,00
Jun 1, 2023;4:42:41 AM;456,00
Jun 1, 2023;4:43:01 AM;448,00
Jun 1, 2023;4:43:36 AM;456,00
Jun 1, 2023;4:47:21 AM;448,00
Jun 1, 2023;4:47:56 AM;456,00
Jun 1, 2023;4:48:36 AM;464,00
Jun 1, 2023;4:49:26 AM;456,00
Jun 1, 2023;4:52:42 AM;464,00
Jun 1, 2023;4:53:27 AM;456,00
Jun 1, 2023;4:54:57 AM;464,00
Jun 1, 2023;4:56:02 AM;456,00
Jun 1, 2023;4:58:02 AM;464,00
Jun 1, 2023;4:58:57 AM;456,00
Jun 1, 2023;4:59:57 AM;464,00
Jun 1, 2023;5:00:17 AM;472,00
Jun 1, 2023;5:00:47 AM;464,00
Jun 1, 2023;5:01:07 AM;456,00
Jun 1, 2023;5:01:27 AM;448,00
Jun 1, 2023;5:02:07 AM;456,00
Jun 1, 2023;5:02:33 AM;464,00
Jun 1, 2023;5:03:08 AM;456,00
Jun 1, 2023;5:05:02 AM;464,00
Jun 1, 2023;5:05:22 AM;472,00
Jun 1, 2023;5:06:12 AM;464,00
Jun 1, 2023;5:06:32 AM;456,00
Jun 1, 2023;5:07:47 AM;464,00
Jun 1, 2023;5:09:32 AM;456,00
Jun 1, 2023;5:11:27 AM;464,00
Jun 1, 2023;5:17:17 AM;456,00
Jun 1, 2023;5:18:02 AM;464,00
Jun 1, 2023;5:18:22 AM;472,00
Jun 1, 2023;5:19:38 AM;464,00
Jun 1, 2023;5:19:58 AM;456,00
Jun 1, 2023;5:21:13 AM;464,00
Jun 1, 2023;5:21:33 AM;472,00
Jun 1, 2023;5:22:18 AM;464,00
Jun 1, 2023;5:24:18 AM;472,00
Jun 1, 2023;5:24:53 AM;464,00
Jun 1, 2023;5:26:03 AM;472,00
Jun 1, 2023;5:27:48 AM;464,00
Jun 1, 2023;5:33:28 AM;472,00
Jun 1, 2023;5:34:03 AM;464,00
Jun 1, 2023;5:35:13 AM;472,00
Jun 1, 2023;5:35:33 AM;480,00
Jun 1, 2023;5:36:08 AM;472,00
Jun 1, 2023;5:36:28 AM;464,00
Jun 1, 2023;5:37:28 AM;472,00
Jun 1, 2023;5:37:48 AM;480,00
Jun 1, 2023;5:38:43 AM;472,00
Jun 1, 2023;5:39:03 AM;464,00
Jun 1, 2023;5:40:48 AM;472,00
Jun 1, 2023;5:43:03 AM;464,00
Jun 1, 2023;5:45:09 AM;464,00
Jun 1, 2023;5:45:44 AM;472,00
Jun 1, 2023;5:46:04 AM;480,00
Jun 1, 2023;5:47:04 AM;472,00
Jun 1, 2023;5:54:09 AM;464,00
Jun 1, 2023;5:54:49 AM;472,00
Jun 1, 2023;5:56:34 AM;480,00
Jun 1, 2023;5:57:44 AM;472,00
Jun 1, 2023;5:58:39 AM;480,00
Jun 1, 2023;5:59:24 AM;472,00
Jun 1, 2023;6:02:34 AM;480,00
Jun 1, 2023;6:03:44 AM;472,00
Jun 1, 2023;6:05:49 AM;480,00
Jun 1, 2023;6:06:54 AM;472,00
Jun 1, 2023;6:08:24 AM;480,00
Jun 1, 2023;6:12:14 AM;472,00
Jun 1, 2023;6:13:29 AM;480,00
Jun 1, 2023;6:13:49 AM;488,00
Jun 1, 2023;6:14:39 AM;480,00
Jun 1, 2023;6:17:09 AM;472,00
Jun 1, 2023;6:18:24 AM;480,00
Jun 1, 2023;6:19:44 AM;472,00
Jun 1, 2023;6:20:04 AM;464,00
Jun 1, 2023;6:20:29 AM;472,00
Jun 1, 2023;6:20:49 AM;480,00
Jun 1, 2023;6:21:09 AM;488,00
Jun 1, 2023;6:21:54 AM;480,00
Jun 1, 2023;6:22:14 AM;472,00
Jun 1, 2023;6:22:49 AM;480,00
Jun 1, 2023;6:23:15 AM;488,00
Jun 1, 2023;6:24:35 AM;480,00
Jun 1, 2023;6:24:55 AM;472,00
Jun 1, 2023;6:26:10 AM;480,00
Jun 1, 2023;6:26:30 AM;488,00
Jun 1, 2023;6:27:10 AM;480,00
Jun 1, 2023;6:30:25 AM;488,00
Jun 1, 2023;6:30:55 AM;480,00
Jun 1, 2023;6:31:15 AM;472,00
Jun 1, 2023;6:31:45 AM;480,00
Jun 1, 2023;6:32:05 AM;488,00
Jun 1, 2023;6:34:05 AM;480,00
Jun 1, 2023;6:40:11 AM;472,00
Jun 1, 2023;6:40:51 AM;480,00
Jun 1, 2023;6:41:11 AM;488,00
Jun 1, 2023;6:43:31 AM;480,00
Jun 1, 2023;6:44:36 AM;488,00
Jun 1, 2023;6:44:56 AM;496,00
Jun 1, 2023;6:45:51 AM;488,00
Jun 1, 2023;6:46:11 AM;480,00
Jun 1, 2023;6:47:20 AM;472,00
Jun 1, 2023;6:47:50 AM;480,00
Jun 1, 2023;6:49:00 AM;488,00
Jun 1, 2023;6:52:05 AM;480,00
Jun 1, 2023;6:52:30 AM;488,00
Jun 1, 2023;6:53:00 AM;496,00
Jun 1, 2023;6:53:35 AM;488,00
Jun 1, 2023;6:53:55 AM;480,00
Jun 1, 2023;6:54:45 AM;488,00
Jun 1, 2023;7:03:10 AM;496,00
Jun 1, 2023;7:04:05 AM;488,00
Jun 1, 2023;7:04:25 AM;480,00
Jun 1, 2023;7:05:15 AM;488,00
Jun 1, 2023;7:05:50 AM;496,00
Jun 1, 2023;7:08:10 AM;488,00
Jun 1, 2023;7:08:40 AM;480,00
Jun 1, 2023;7:09:25 AM;488,00
Jun 1, 2023;7:09:45 AM;496,00
Jun 1, 2023;7:14:35 AM;488,00
Jun 1, 2023;7:16:25 AM;496,00
Jun 1, 2023;7:17:45 AM;488,00
Jun 1, 2023;7:19:15 AM;496,00
Jun 1, 2023;7:19:35 AM;504,00
Jun 1, 2023;7:20:25 AM;496,00
Jun 1, 2023;7:22:40 AM;488,00
Jun 1, 2023;7:26:36 AM;496,00
Jun 1, 2023;7:26:56 AM;504,00
Jun 1, 2023;7:28:36 AM;496,00
Jun 1, 2023;7:30:27 AM;488,00
Jun 1, 2023;7:32:02 AM;496,00
Jun 1, 2023;7:36:42 AM;504,00
Jun 1, 2023;7:38:02 AM;496,00
Jun 1, 2023;7:42:37 AM;504,00
Jun 1, 2023;7:51:43 AM;496,00
Jun 1, 2023;7:52:53 AM;488,00
Jun 1, 2023;7:53:43 AM;496,00
Jun 1, 2023;7:54:43 AM;504,00
Jun 1, 2023;7:55:28 AM;512,00
Jun 1, 2023;7:56:43 AM;504,00
Jun 1, 2023;7:58:28 AM;512,00
Jun 1, 2023;8:00:53 AM;504,00
Jun 1, 2023;8:03:13 AM;512,00
Jun 1, 2023;8:04:03 AM;504,00
Jun 1, 2023;8:05:28 AM;512,00
Jun 1, 2023;8:05:48 AM;520,00
Jun 1, 2023;8:06:33 AM;512,00
Jun 1, 2023;8:06:53 AM;504,00
Jun 1, 2023;8:07:13 AM;496,00
Jun 1, 2023;8:07:33 AM;488,00
Jun 1, 2023;8:08:23 AM;496,00
Jun 1, 2023;8:08:43 AM;504,00
Jun 1, 2023;8:09:13 AM;512,00
Jun 1, 2023;8:09:48 AM;504,00
Jun 1, 2023;8:13:38 AM;512,00
Jun 1, 2023;8:14:13 AM;504,00
Jun 1, 2023;8:14:33 AM;496,00
Jun 1, 2023;8:20:54 AM;504,00
Jun 1, 2023;8:22:29 AM;496,00
Jun 1, 2023;8:25:39 AM;504,00
Jun 1, 2023;8:36:46 AM;496,00
Jun 1, 2023;8:38:02 AM;504,00
Jun 1, 2023;8:49:57 AM;512,00
Jun 1, 2023;8:51:22 AM;520,00
Jun 1, 2023;8:52:02 AM;512,00
Jun 1, 2023;8:52:57 AM;504,00
Jun 1, 2023;8:54:22 AM;512,00
Jun 1, 2023;8:56:22 AM;504,00
Jun 1, 2023;8:58:27 AM;512,00
Jun 1, 2023;8:58:47 AM;520,00
Jun 1, 2023;8:59:17 AM;512,00
Jun 1, 2023;8:59:52 AM;504,00
Jun 1, 2023;9:07:32 AM;512,00
Jun 1, 2023;9:09:18 AM;520,00
Jun 1, 2023;9:12:43 AM;512,00
Jun 1, 2023;9:13:08 AM;504,00
Jun 1, 2023;9:15:28 AM;512,00
Jun 1, 2023;9:15:48 AM;520,00
Jun 1, 2023;9:20:18 AM;512,00
Jun 1, 2023;9:20:58 AM;520,00
Jun 1, 2023;9:22:58 AM;512,00
Jun 1, 2023;9:24:28 AM;520,00
Jun 1, 2023;9:26:08 AM;512,00
Jun 1, 2023;9:27:43 AM;520,00
Jun 1, 2023;9:30:03 AM;512,00
Jun 1, 2023;9:32:03 AM;504,00
Jun 1, 2023;9:34:09 AM;512,00
Jun 1, 2023;9:34:29 AM;520,00
Jun 1, 2023;9:38:09 AM;512,00
Jun 1, 2023;9:41:54 AM;520,00
Jun 1, 2023;9:45:59 AM;512,00
Jun 1, 2023;9:49:50 AM;520,00
Jun 1, 2023;9:51:30 AM;512,00
Jun 1, 2023;10:01:00 AM;520,00
Jun 1, 2023;10:12:36 AM;512,00
Jun 1, 2023;10:12:56 AM;504,00
Jun 1, 2023;10:14:11 AM;512,00
Jun 1, 2023;10:23:21 AM;520,00
Jun 1, 2023;10:23:56 AM;512,00
Jun 1, 2023;10:27:21 AM;520,00
Jun 1, 2023;10:28:01 AM;512,00
Jun 1, 2023;10:30:01 AM;520,00
Jun 1, 2023;10:32:11 AM;512,00
Jun 1, 2023;10:32:31 AM;504,00
Jun 1, 2023;10:35:01 AM;512,00
Jun 1, 2023;10:35:31 AM;520,00
Jun 1, 2023;10:38:52 AM;512,00
Jun 1, 2023;10:39:22 AM;504,00
Jun 1, 2023;10:40:12 AM;512,00
Jun 1, 2023;10:40:32 AM;520,00
Jun 1, 2023;10:52:33 AM;512,00
Jun 1, 2023;10:53:08 AM;504,00
Jun 1, 2023;10:55:43 AM;512,00
Jun 1, 2023;10:56:03 AM;520,00
Jun 1, 2023;10:57:53 AM;512,00
Jun 1, 2023;10:58:13 AM;504,00
Jun 1, 2023;11:00:48 AM;512,00
Jun 1, 2023;11:01:08 AM;520,00
Jun 1, 2023;11:02:28 AM;512,00
Jun 1, 2023;11:03:08 AM;504,00
Jun 1, 2023;11:03:28 AM;496,00
Jun 1, 2023;11:04:13 AM;488,00
Jun 1, 2023;11:05:08 AM;496,00
Jun 1, 2023;11:05:48 AM;504,00
Jun 1, 2023;11:08:43 AM;496,00
Jun 1, 2023;11:10:58 AM;488,00
Jun 1, 2023;11:12:13 AM;496,00
Jun 1, 2023;11:12:33 AM;504,00
Jun 1, 2023;11:12:58 AM;512,00
Jun 1, 2023;11:13:18 AM;520,00
Jun 1, 2023;11:15:18 AM;512,00
Jun 1, 2023;11:17:28 AM;504,00
Jun 1, 2023;11:19:24 AM;496,00
Jun 1, 2023;11:19:44 AM;488,00
Jun 1, 2023;11:20:34 AM;496,00
Jun 1, 2023;11:26:44 AM;488,00
Jun 1, 2023;11:27:39 AM;496,00
Jun 1, 2023;11:29:19 AM;504,00
Jun 1, 2023;11:31:59 AM;496,00
Jun 1, 2023;11:32:19 AM;488,00
Jun 1, 2023;11:32:39 AM;480,00
Jun 1, 2023;11:33:09 AM;472,00
Jun 1, 2023;11:33:29 AM;464,00
Jun 1, 2023;11:33:49 AM;456,00
Jun 1, 2023;11:34:09 AM;448,00
Jun 1, 2023;11:35:44 AM;440,00
Jun 1, 2023;11:36:24 AM;448,00
Jun 1, 2023;11:36:44 AM;456,00
Jun 1, 2023;11:37:04 AM;464,00
Jun 1, 2023;11:46:16 AM;456,00
Jun 1, 2023;11:46:51 AM;448,00
Jun 1, 2023;11:50:06 AM;440,00
Jun 1, 2023;11:51:31 AM;432,00
Jun 1, 2023;11:56:11 AM;424,00
Jun 1, 2023;11:56:41 AM;416,00
Jun 1, 2023;11:57:56 AM;408,00
Jun 1, 2023;11:58:31 AM;400,00
Jun 1, 2023;11:58:51 AM;430,00
Jun 1, 2023;12:00:16 PM;422,00
Jun 1, 2023;12:00:36 PM;414,00
Jun 1, 2023;12:02:53 PM;500,00
Jun 1, 2023;12:04:16 PM;492,00
Jun 1, 2023;12:04:36 PM;484,00
Jun 1, 2023;12:04:56 PM;476,00
Jun 1, 2023;12:05:16 PM;468,00
Jun 1, 2023;12:05:36 PM;460,00
Jun 1, 2023;12:05:56 PM;452,00
Jun 1, 2023;12:06:16 PM;444,00
Jun 1, 2023;12:06:36 PM;436,00
Jun 1, 2023;12:06:56 PM;428,00
Jun 1, 2023;12:07:41 PM;420,00
Jun 1, 2023;12:08:31 PM;428,00
Jun 1, 2023;12:08:51 PM;436,00
Jun 1, 2023;12:09:11 PM;444,00
Jun 1, 2023;12:10:36 PM;452,00
Jun 1, 2023;12:16:31 PM;444,00
Jun 1, 2023;12:19:02 PM;436,00
Jun 1, 2023;12:19:52 PM;428,00
Jun 1, 2023;12:20:27 PM;436,00
Jun 1, 2023;12:20:47 PM;444,00
Jun 1, 2023;12:22:02 PM;436,00
Jun 1, 2023;12:22:22 PM;428,00
Jun 1, 2023;12:23:11 PM;500,00
Jun 1, 2023;12:23:22 PM;508,00
Jun 1, 2023;12:24:32 PM;500,00
Jun 1, 2023;12:25:16 PM;484,00
Jun 1, 2023;12:25:36 PM;476,00
Jun 1, 2023;12:25:56 PM;468,00
Jun 1, 2023;12:26:16 PM;460,00
Jun 1, 2023;12:26:36 PM;452,00
Jun 1, 2023;12:28:11 PM;444,00
Jun 1, 2023;12:28:41 PM;436,00
Jun 1, 2023;12:29:01 PM;428,00
Jun 1, 2023;12:29:31 PM;420,00
Jun 1, 2023;12:29:51 PM;412,00
Jun 1, 2023;12:31:01 PM;404,00
Jun 1, 2023;12:33:06 PM;412,00
Jun 1, 2023;12:33:26 PM;420,00
Jun 1, 2023;12:38:21 PM;412,00
Jun 1, 2023;12:40:06 PM;420,00
Jun 1, 2023;12:43:21 PM;428,00
Jun 1, 2023;12:43:41 PM;436,00
Jun 1, 2023;12:44:01 PM;444,00
Jun 1, 2023;12:44:21 PM;452,00
Jun 1, 2023;12:44:41 PM;460,00
Jun 1, 2023;12:49:47 PM;468,00
Jun 1, 2023;12:50:17 PM;476,00
Jun 1, 2023;12:54:42 PM;484,00
Jun 1, 2023;12:55:37 PM;476,00
Jun 1, 2023;12:55:57 PM;468,00
Jun 1, 2023;12:57:37 PM;460,00
Jun 1, 2023;1:03:22 PM;452,00
Jun 1, 2023;1:04:22 PM;444,00
Jun 1, 2023;1:05:52 PM;436,00
Jun 1, 2023;1:06:27 PM;444,00
Jun 1, 2023;1:08:12 PM;428,00
Jun 1, 2023;1:08:32 PM;420,00
Jun 1, 2023;1:09:48 PM;428,00
Jun 1, 2023;1:14:03 PM;420,00
Jun 1, 2023;1:14:23 PM;412,00
Jun 1, 2023;1:16:23 PM;420,00
Jun 1, 2023;1:19:35 PM;412,00
Jun 1, 2023;1:24:10 PM;404,00
Jun 1, 2023;1:24:30 PM;412,00
Jun 1, 2023;1:26:40 PM;420,00
Jun 1, 2023;1:27:40 PM;412,00
Jun 1, 2023;1:28:00 PM;404,00
Jun 1, 2023;1:28:50 PM;400,00
Jun 1, 2023;1:29:50 PM;408,00
Jun 1, 2023;1:33:50 PM;400,00
Jun 1, 2023;1:38:58 PM;408,00
Jun 1, 2023;1:39:23 PM;400,00
Jun 1, 2023;1:42:43 PM;408,00
Jun 1, 2023;1:44:38 PM;400,00
Jun 1, 2023;1:49:47 PM;408,00
Jun 1, 2023;1:50:32 PM;400,00
Jun 1, 2023;1:53:39 PM;408,00
Jun 1, 2023;1:53:59 PM;416,00
Jun 1, 2023;1:55:14 PM;408,00
Jun 1, 2023;1:57:44 PM;416,00
Jun 1, 2023;1:58:49 PM;408,00
Jun 1, 2023;1:59:09 PM;400,00
Jun 1, 2023;2:02:02 PM;408,00
Jun 1, 2023;2:04:47 PM;400,00
Jun 1, 2023;2:05:32 PM;408,00
Jun 1, 2023;2:09:17 PM;416,00
Jun 1, 2023;2:10:27 PM;408,00
Jun 1, 2023;2:10:57 PM;400,00
Jun 1, 2023;2:11:57 PM;408,00
Jun 1, 2023;2:13:17 PM;400,00
Jun 1, 2023;2:16:47 PM;408,00
Jun 1, 2023;2:17:07 PM;416,00
Jun 1, 2023;2:17:57 PM;408,00
Jun 1, 2023;2:18:17 PM;400,00
Jun 1, 2023;2:19:28 PM;408,00
Jun 1, 2023;2:22:18 PM;416,00
Jun 1, 2023;2:23:33 PM;408,00
Jun 1, 2023;2:24:23 PM;400,00
Jun 1, 2023;2:25:49 PM;408,00
Jun 1, 2023;2:27:04 PM;400,00
Jun 1, 2023;2:28:29 PM;408,00
Jun 1, 2023;2:28:49 PM;416,00
Jun 1, 2023;2:29:54 PM;408,00
Jun 1, 2023;2:33:44 PM;400,00
Jun 1, 2023;2:36:25 PM;408,00
Jun 1, 2023;2:37:40 PM;416,00
Jun 1, 2023;2:39:50 PM;408,00
Jun 1, 2023;2:40:30 PM;400,00
Jun 1, 2023;2:41:00 PM;408,00
Jun 1, 2023;2:41:20 PM;416,00
Jun 1, 2023;2:41:40 PM;424,00
Jun 1, 2023;2:42:45 PM;416,00
Jun 1, 2023;2:43:05 PM;408,00
Jun 1, 2023;2:43:50 PM;416,00
Jun 1, 2023;2:44:15 PM;424,00
Jun 1, 2023;2:45:15 PM;416,00
Jun 1, 2023;2:47:45 PM;424,00
Jun 1, 2023;2:54:36 PM;432,00
Jun 1, 2023;2:55:41 PM;440,00
Jun 1, 2023;2:56:16 PM;432,00
Jun 1, 2023;2:58:21 PM;440,00
Jun 1, 2023;2:58:41 PM;448,00
Jun 1, 2023;2:59:01 PM;456,00
Jun 1, 2023;2:59:21 PM;464,00
Jun 1, 2023;2:59:41 PM;472,00
Jun 1, 2023;3:00:01 PM;480,00
Jun 1, 2023;3:00:21 PM;488,00
Jun 1, 2023;3:00:41 PM;496,00
Jun 1, 2023;3:01:01 PM;504,00
Jun 1, 2023;3:01:21 PM;512,00
Jun 1, 2023;3:01:41 PM;520,00
Jun 1, 2023;3:02:01 PM;528,00
Jun 1, 2023;3:02:21 PM;536,00
Jun 1, 2023;3:02:41 PM;544,00
Jun 1, 2023;3:03:01 PM;552,00
Jun 1, 2023;3:03:21 PM;560,00
Jun 1, 2023;3:03:41 PM;568,00
Jun 1, 2023;3:04:01 PM;576,00
Jun 1, 2023;3:04:21 PM;584,00
Jun 1, 2023;3:04:41 PM;592,00
Jun 1, 2023;3:05:01 PM;600,00
Jun 1, 2023;3:05:21 PM;608,00
Jun 1, 2023;3:05:41 PM;616,00
Jun 1, 2023;3:06:01 PM;624,00
Jun 1, 2023;3:06:21 PM;632,00
Jun 1, 2023;3:06:41 PM;640,00
Jun 1, 2023;3:07:01 PM;648,00
Jun 1, 2023;3:07:21 PM;656,00
Jun 1, 2023;3:07:41 PM;664,00
Jun 1, 2023;3:08:01 PM;672,00
Jun 1, 2023;3:08:21 PM;680,00
Jun 1, 2023;3:08:41 PM;688,00
Jun 1, 2023;3:09:01 PM;696,00
Jun 1, 2023;3:09:21 PM;704,00
Jun 1, 2023;3:09:41 PM;712,00
Jun 1, 2023;3:10:01 PM;720,00
Jun 1, 2023;3:10:21 PM;728,00
Jun 1, 2023;3:10:41 PM;736,00
Jun 1, 2023;3:11:01 PM;744,00
Jun 1, 2023;3:11:21 PM;752,00
Jun 1, 2023;3:11:41 PM;760,00
Jun 1, 2023;3:12:01 PM;768,00
Jun 1, 2023;3:12:21 PM;776,00
Jun 1, 2023;3:12:41 PM;784,00
Jun 1, 2023;3:13:01 PM;792,00
Jun 1, 2023;3:13:21 PM;800,00
Jun 1, 2023;3:13:41 PM;808,00
Jun 1, 2023;3:14:01 PM;816,00
Jun 1, 2023;3:14:21 PM;824,00
Jun 1, 2023;3:14:41 PM;832,00
Jun 1, 2023;3:15:01 PM;840,00
Jun 1, 2023;3:15:21 PM;848,00
Jun 1, 2023;3:15:41 PM;856,00
Jun 1, 2023;3:16:01 PM;864,00
Jun 1, 2023;3:16:21 PM;872,00
Jun 1, 2023;3:16:41 PM;880,00
Jun 1, 2023;3:17:01 PM;888,00
Jun 1, 2023;3:17:21 PM;896,00
Jun 1, 2023;3:17:41 PM;904,00
Jun 1, 2023;3:18:01 PM;912,00
Jun 1, 2023;3:18:21 PM;920,00
Jun 1, 2023;3:18:41 PM;928,00
Jun 1, 2023;3:19:01 PM;936,00
Jun 1, 2023;3:19:21 PM;944,00
Jun 1, 2023;3:20:02 PM;960,00
Jun 1, 2023;3:20:22 PM;968,00
Jun 1, 2023;3:20:42 PM;976,00
Jun 1, 2023;3:21:02 PM;984,00
Jun 1, 2023;3:21:22 PM;992,00
Jun 1, 2023;3:21:42 PM;1000,00
